ISO-10303-21;
HEADER;
FILE_DESCRIPTION(('MediCAD Parametric Prototyping STEP Model'), '2;1');
FILE_NAME('CATHETER_V3.step', '2026-08-16T00:03:11', ('MediCAD Engine'), ('Medical CAD Builder'), 'MediCAD CAD Core 0.1.0', 'Python / MediCAD', '');
FILE_SCHEMA(('AUTOMOTIVE_DESIGN { 1 0 10303 214 1 1 1 1 }'));
ENDSEC;
DATA;
#1=APPLICATION_CONTEXT('core data for automotive and medical design');
#2=APPLICATION_PROTOCOL_DEFINITION('international standard', 'automotive_design', 2000, #1);
#3=PRODUCT_CONTEXT('part definition', #1, 'mechanical');
#4=PRODUCT('CATHETER_V3', 'CATHETER_V3', 'Parametric Medical CAD Model', (#3));
#5=PRODUCT_DEFINITION_FORMATION_WITH_SPECIFIED_SOURCE('1.0', '', #4, .NOT_KNOWN.);
#6=PRODUCT_DEFINITION('design', '', #5, #3);
#7=PRODUCT_DEFINITION_SHAPE('', '', #6);
#8=SHAPE_REPRESENTATION('', (#9), #10);
#9=AXIS2_PLACEMENT_3D('', #11, #12, #13);
#10=(GEOMETRIC_REPRESENTATION_CONTEXT(3) GLOBAL_UNCERTAINTY_ASSIGNED_CONTEXT((#14)) GLOBAL_UNIT_ASSIGNED_CONTEXT((#15,#16,#17)) REPRESENTATION_CONTEXT('Context3D', '3D Context'));
#11=CARTESIAN_POINT('', (0., 0., 0.));
#12=DIRECTION('', (0., 0., 1.));
#13=DIRECTION('', (1., 0., 0.));
#14=UNCERTAINTY_MEASURE_WITH_UNIT(LENGTH_MEASURE(1.E-05), #15, 'distance_accuracy_value', 'confusion accuracy');
#15=(LENGTH_UNIT() NAMED_UNIT(*) SI_UNIT(.MILLI., .METRE.));
#16=(NAMED_UNIT(*) PLANE_ANGLE_UNIT() SI_UNIT($, .RADIAN.));
#17=(NAMED_UNIT(*) SI_UNIT($, .STERADIAN.) SOLID_ANGLE_UNIT());
#18=SHAPE_DEFINITION_REPRESENTATION(#7, #8);
#19=CARTESIAN_POINT('', (0.850000, 0.000000, 0.000000));
#20=CARTESIAN_POINT('', (0.845907, 0.083315, 0.000000));
#21=CARTESIAN_POINT('', (0.833667, 0.165827, 0.000000));
#22=CARTESIAN_POINT('', (0.813399, 0.246742, 0.000000));
#23=CARTESIAN_POINT('', (0.785298, 0.325281, 0.000000));
#24=CARTESIAN_POINT('', (0.749633, 0.400687, 0.000000));
#25=CARTESIAN_POINT('', (0.706749, 0.472235, 0.000000));
#26=CARTESIAN_POINT('', (0.657059, 0.539234, 0.000000));
#27=CARTESIAN_POINT('', (0.601041, 0.601041, 0.000000));
#28=CARTESIAN_POINT('', (0.539234, 0.657059, 0.000000));
#29=CARTESIAN_POINT('', (0.472235, 0.706749, 0.000000));
#30=CARTESIAN_POINT('', (0.400687, 0.749633, 0.000000));
#31=CARTESIAN_POINT('', (0.325281, 0.785298, 0.000000));
#32=CARTESIAN_POINT('', (0.246742, 0.813399, 0.000000));
#33=CARTESIAN_POINT('', (0.165827, 0.833667, 0.000000));
#34=CARTESIAN_POINT('', (0.083315, 0.845907, 0.000000));
#35=CARTESIAN_POINT('', (0.000000, 0.850000, 0.000000));
#36=CARTESIAN_POINT('', (-0.083315, 0.845907, 0.000000));
#37=CARTESIAN_POINT('', (-0.165827, 0.833667, 0.000000));
#38=CARTESIAN_POINT('', (-0.246742, 0.813399, 0.000000));
#39=CARTESIAN_POINT('', (-0.325281, 0.785298, 0.000000));
#40=CARTESIAN_POINT('', (-0.400687, 0.749633, 0.000000));
#41=CARTESIAN_POINT('', (-0.472235, 0.706749, 0.000000));
#42=CARTESIAN_POINT('', (-0.539234, 0.657059, 0.000000));
#43=CARTESIAN_POINT('', (-0.601041, 0.601041, 0.000000));
#44=CARTESIAN_POINT('', (-0.657059, 0.539234, 0.000000));
#45=CARTESIAN_POINT('', (-0.706749, 0.472235, 0.000000));
#46=CARTESIAN_POINT('', (-0.749633, 0.400687, 0.000000));
#47=CARTESIAN_POINT('', (-0.785298, 0.325281, 0.000000));
#48=CARTESIAN_POINT('', (-0.813399, 0.246742, 0.000000));
#49=CARTESIAN_POINT('', (-0.833667, 0.165827, 0.000000));
#50=CARTESIAN_POINT('', (-0.845907, 0.083315, 0.000000));
#51=CARTESIAN_POINT('', (-0.850000, 0.000000, 0.000000));
#52=CARTESIAN_POINT('', (-0.845907, -0.083315, 0.000000));
#53=CARTESIAN_POINT('', (-0.833667, -0.165827, 0.000000));
#54=CARTESIAN_POINT('', (-0.813399, -0.246742, 0.000000));
#55=CARTESIAN_POINT('', (-0.785298, -0.325281, 0.000000));
#56=CARTESIAN_POINT('', (-0.749633, -0.400687, 0.000000));
#57=CARTESIAN_POINT('', (-0.706749, -0.472235, 0.000000));
#58=CARTESIAN_POINT('', (-0.657059, -0.539234, 0.000000));
#59=CARTESIAN_POINT('', (-0.601041, -0.601041, 0.000000));
#60=CARTESIAN_POINT('', (-0.539234, -0.657059, 0.000000));
#61=CARTESIAN_POINT('', (-0.472235, -0.706749, 0.000000));
#62=CARTESIAN_POINT('', (-0.400687, -0.749633, 0.000000));
#63=CARTESIAN_POINT('', (-0.325281, -0.785298, 0.000000));
#64=CARTESIAN_POINT('', (-0.246742, -0.813399, 0.000000));
#65=CARTESIAN_POINT('', (-0.165827, -0.833667, 0.000000));
#66=CARTESIAN_POINT('', (-0.083315, -0.845907, 0.000000));
#67=CARTESIAN_POINT('', (-0.000000, -0.850000, 0.000000));
#68=CARTESIAN_POINT('', (0.083315, -0.845907, 0.000000));
#69=CARTESIAN_POINT('', (0.165827, -0.833667, 0.000000));
#70=CARTESIAN_POINT('', (0.246742, -0.813399, 0.000000));
#71=CARTESIAN_POINT('', (0.325281, -0.785298, 0.000000));
#72=CARTESIAN_POINT('', (0.400687, -0.749633, 0.000000));
#73=CARTESIAN_POINT('', (0.472235, -0.706749, 0.000000));
#74=CARTESIAN_POINT('', (0.539234, -0.657059, 0.000000));
#75=CARTESIAN_POINT('', (0.601041, -0.601041, 0.000000));
#76=CARTESIAN_POINT('', (0.657059, -0.539234, 0.000000));
#77=CARTESIAN_POINT('', (0.706749, -0.472235, 0.000000));
#78=CARTESIAN_POINT('', (0.749633, -0.400687, 0.000000));
#79=CARTESIAN_POINT('', (0.785298, -0.325281, 0.000000));
#80=CARTESIAN_POINT('', (0.813399, -0.246742, 0.000000));
#81=CARTESIAN_POINT('', (0.833667, -0.165827, 0.000000));
#82=CARTESIAN_POINT('', (0.845907, -0.083315, 0.000000));
#83=CARTESIAN_POINT('', (1.000000, 0.000000, 5.000000));
#84=CARTESIAN_POINT('', (0.995185, 0.098017, 5.000000));
#85=CARTESIAN_POINT('', (0.980785, 0.195090, 5.000000));
#86=CARTESIAN_POINT('', (0.956940, 0.290285, 5.000000));
#87=CARTESIAN_POINT('', (0.923880, 0.382683, 5.000000));
#88=CARTESIAN_POINT('', (0.881921, 0.471397, 5.000000));
#89=CARTESIAN_POINT('', (0.831470, 0.555570, 5.000000));
#90=CARTESIAN_POINT('', (0.773010, 0.634393, 5.000000));
#91=CARTESIAN_POINT('', (0.707107, 0.707107, 5.000000));
#92=CARTESIAN_POINT('', (0.634393, 0.773010, 5.000000));
#93=CARTESIAN_POINT('', (0.555570, 0.831470, 5.000000));
#94=CARTESIAN_POINT('', (0.471397, 0.881921, 5.000000));
#95=CARTESIAN_POINT('', (0.382683, 0.923880, 5.000000));
#96=CARTESIAN_POINT('', (0.290285, 0.956940, 5.000000));
#97=CARTESIAN_POINT('', (0.195090, 0.980785, 5.000000));
#98=CARTESIAN_POINT('', (0.098017, 0.995185, 5.000000));
#99=CARTESIAN_POINT('', (0.000000, 1.000000, 5.000000));
#100=CARTESIAN_POINT('', (-0.098017, 0.995185, 5.000000));
#101=CARTESIAN_POINT('', (-0.195090, 0.980785, 5.000000));
#102=CARTESIAN_POINT('', (-0.290285, 0.956940, 5.000000));
#103=CARTESIAN_POINT('', (-0.382683, 0.923880, 5.000000));
#104=CARTESIAN_POINT('', (-0.471397, 0.881921, 5.000000));
#105=CARTESIAN_POINT('', (-0.555570, 0.831470, 5.000000));
#106=CARTESIAN_POINT('', (-0.634393, 0.773010, 5.000000));
#107=CARTESIAN_POINT('', (-0.707107, 0.707107, 5.000000));
#108=CARTESIAN_POINT('', (-0.773010, 0.634393, 5.000000));
#109=CARTESIAN_POINT('', (-0.831470, 0.555570, 5.000000));
#110=CARTESIAN_POINT('', (-0.881921, 0.471397, 5.000000));
#111=CARTESIAN_POINT('', (-0.923880, 0.382683, 5.000000));
#112=CARTESIAN_POINT('', (-0.956940, 0.290285, 5.000000));
#113=CARTESIAN_POINT('', (-0.980785, 0.195090, 5.000000));
#114=CARTESIAN_POINT('', (-0.995185, 0.098017, 5.000000));
#115=CARTESIAN_POINT('', (-1.000000, 0.000000, 5.000000));
#116=CARTESIAN_POINT('', (-0.995185, -0.098017, 5.000000));
#117=CARTESIAN_POINT('', (-0.980785, -0.195090, 5.000000));
#118=CARTESIAN_POINT('', (-0.956940, -0.290285, 5.000000));
#119=CARTESIAN_POINT('', (-0.923880, -0.382683, 5.000000));
#120=CARTESIAN_POINT('', (-0.881921, -0.471397, 5.000000));
#121=CARTESIAN_POINT('', (-0.831470, -0.555570, 5.000000));
#122=CARTESIAN_POINT('', (-0.773010, -0.634393, 5.000000));
#123=CARTESIAN_POINT('', (-0.707107, -0.707107, 5.000000));
#124=CARTESIAN_POINT('', (-0.634393, -0.773010, 5.000000));
#125=CARTESIAN_POINT('', (-0.555570, -0.831470, 5.000000));
#126=CARTESIAN_POINT('', (-0.471397, -0.881921, 5.000000));
#127=CARTESIAN_POINT('', (-0.382683, -0.923880, 5.000000));
#128=CARTESIAN_POINT('', (-0.290285, -0.956940, 5.000000));
#129=CARTESIAN_POINT('', (-0.195090, -0.980785, 5.000000));
#130=CARTESIAN_POINT('', (-0.098017, -0.995185, 5.000000));
#131=CARTESIAN_POINT('', (-0.000000, -1.000000, 5.000000));
#132=CARTESIAN_POINT('', (0.098017, -0.995185, 5.000000));
#133=CARTESIAN_POINT('', (0.195090, -0.980785, 5.000000));
#134=CARTESIAN_POINT('', (0.290285, -0.956940, 5.000000));
#135=CARTESIAN_POINT('', (0.382683, -0.923880, 5.000000));
#136=CARTESIAN_POINT('', (0.471397, -0.881921, 5.000000));
#137=CARTESIAN_POINT('', (0.555570, -0.831470, 5.000000));
#138=CARTESIAN_POINT('', (0.634393, -0.773010, 5.000000));
#139=CARTESIAN_POINT('', (0.707107, -0.707107, 5.000000));
#140=CARTESIAN_POINT('', (0.773010, -0.634393, 5.000000));
#141=CARTESIAN_POINT('', (0.831470, -0.555570, 5.000000));
#142=CARTESIAN_POINT('', (0.881921, -0.471397, 5.000000));
#143=CARTESIAN_POINT('', (0.923880, -0.382683, 5.000000));
#144=CARTESIAN_POINT('', (0.956940, -0.290285, 5.000000));
#145=CARTESIAN_POINT('', (0.980785, -0.195090, 5.000000));
#146=CARTESIAN_POINT('', (0.995185, -0.098017, 5.000000));
#147=CARTESIAN_POINT('', (1.000000, 0.000000, 240.000000));
#148=CARTESIAN_POINT('', (0.995185, 0.098017, 240.000000));
#149=CARTESIAN_POINT('', (0.980785, 0.195090, 240.000000));
#150=CARTESIAN_POINT('', (0.956940, 0.290285, 240.000000));
#151=CARTESIAN_POINT('', (0.923880, 0.382683, 240.000000));
#152=CARTESIAN_POINT('', (0.881921, 0.471397, 240.000000));
#153=CARTESIAN_POINT('', (0.831470, 0.555570, 240.000000));
#154=CARTESIAN_POINT('', (0.773010, 0.634393, 240.000000));
#155=CARTESIAN_POINT('', (0.707107, 0.707107, 240.000000));
#156=CARTESIAN_POINT('', (0.634393, 0.773010, 240.000000));
#157=CARTESIAN_POINT('', (0.555570, 0.831470, 240.000000));
#158=CARTESIAN_POINT('', (0.471397, 0.881921, 240.000000));
#159=CARTESIAN_POINT('', (0.382683, 0.923880, 240.000000));
#160=CARTESIAN_POINT('', (0.290285, 0.956940, 240.000000));
#161=CARTESIAN_POINT('', (0.195090, 0.980785, 240.000000));
#162=CARTESIAN_POINT('', (0.098017, 0.995185, 240.000000));
#163=CARTESIAN_POINT('', (0.000000, 1.000000, 240.000000));
#164=CARTESIAN_POINT('', (-0.098017, 0.995185, 240.000000));
#165=CARTESIAN_POINT('', (-0.195090, 0.980785, 240.000000));
#166=CARTESIAN_POINT('', (-0.290285, 0.956940, 240.000000));
#167=CARTESIAN_POINT('', (-0.382683, 0.923880, 240.000000));
#168=CARTESIAN_POINT('', (-0.471397, 0.881921, 240.000000));
#169=CARTESIAN_POINT('', (-0.555570, 0.831470, 240.000000));
#170=CARTESIAN_POINT('', (-0.634393, 0.773010, 240.000000));
#171=CARTESIAN_POINT('', (-0.707107, 0.707107, 240.000000));
#172=CARTESIAN_POINT('', (-0.773010, 0.634393, 240.000000));
#173=CARTESIAN_POINT('', (-0.831470, 0.555570, 240.000000));
#174=CARTESIAN_POINT('', (-0.881921, 0.471397, 240.000000));
#175=CARTESIAN_POINT('', (-0.923880, 0.382683, 240.000000));
#176=CARTESIAN_POINT('', (-0.956940, 0.290285, 240.000000));
#177=CARTESIAN_POINT('', (-0.980785, 0.195090, 240.000000));
#178=CARTESIAN_POINT('', (-0.995185, 0.098017, 240.000000));
#179=CARTESIAN_POINT('', (-1.000000, 0.000000, 240.000000));
#180=CARTESIAN_POINT('', (-0.995185, -0.098017, 240.000000));
#181=CARTESIAN_POINT('', (-0.980785, -0.195090, 240.000000));
#182=CARTESIAN_POINT('', (-0.956940, -0.290285, 240.000000));
#183=CARTESIAN_POINT('', (-0.923880, -0.382683, 240.000000));
#184=CARTESIAN_POINT('', (-0.881921, -0.471397, 240.000000));
#185=CARTESIAN_POINT('', (-0.831470, -0.555570, 240.000000));
#186=CARTESIAN_POINT('', (-0.773010, -0.634393, 240.000000));
#187=CARTESIAN_POINT('', (-0.707107, -0.707107, 240.000000));
#188=CARTESIAN_POINT('', (-0.634393, -0.773010, 240.000000));
#189=CARTESIAN_POINT('', (-0.555570, -0.831470, 240.000000));
#190=CARTESIAN_POINT('', (-0.471397, -0.881921, 240.000000));
#191=CARTESIAN_POINT('', (-0.382683, -0.923880, 240.000000));
#192=CARTESIAN_POINT('', (-0.290285, -0.956940, 240.000000));
#193=CARTESIAN_POINT('', (-0.195090, -0.980785, 240.000000));
#194=CARTESIAN_POINT('', (-0.098017, -0.995185, 240.000000));
#195=CARTESIAN_POINT('', (-0.000000, -1.000000, 240.000000));
#196=CARTESIAN_POINT('', (0.098017, -0.995185, 240.000000));
#197=CARTESIAN_POINT('', (0.195090, -0.980785, 240.000000));
#198=CARTESIAN_POINT('', (0.290285, -0.956940, 240.000000));
#199=CARTESIAN_POINT('', (0.382683, -0.923880, 240.000000));
#200=CARTESIAN_POINT('', (0.471397, -0.881921, 240.000000));
#201=CARTESIAN_POINT('', (0.555570, -0.831470, 240.000000));
#202=CARTESIAN_POINT('', (0.634393, -0.773010, 240.000000));
#203=CARTESIAN_POINT('', (0.707107, -0.707107, 240.000000));
#204=CARTESIAN_POINT('', (0.773010, -0.634393, 240.000000));
#205=CARTESIAN_POINT('', (0.831470, -0.555570, 240.000000));
#206=CARTESIAN_POINT('', (0.881921, -0.471397, 240.000000));
#207=CARTESIAN_POINT('', (0.923880, -0.382683, 240.000000));
#208=CARTESIAN_POINT('', (0.956940, -0.290285, 240.000000));
#209=CARTESIAN_POINT('', (0.980785, -0.195090, 240.000000));
#210=CARTESIAN_POINT('', (0.995185, -0.098017, 240.000000));
#211=CARTESIAN_POINT('', (2.200000, 0.000000, 246.000000));
#212=CARTESIAN_POINT('', (2.189406, 0.215638, 246.000000));
#213=CARTESIAN_POINT('', (2.157728, 0.429199, 246.000000));
#214=CARTESIAN_POINT('', (2.105269, 0.638626, 246.000000));
#215=CARTESIAN_POINT('', (2.032535, 0.841904, 246.000000));
#216=CARTESIAN_POINT('', (1.940227, 1.037073, 246.000000));
#217=CARTESIAN_POINT('', (1.829233, 1.222255, 246.000000));
#218=CARTESIAN_POINT('', (1.700623, 1.395665, 246.000000));
#219=CARTESIAN_POINT('', (1.555635, 1.555635, 246.000000));
#220=CARTESIAN_POINT('', (1.395665, 1.700623, 246.000000));
#221=CARTESIAN_POINT('', (1.222255, 1.829233, 246.000000));
#222=CARTESIAN_POINT('', (1.037073, 1.940227, 246.000000));
#223=CARTESIAN_POINT('', (0.841904, 2.032535, 246.000000));
#224=CARTESIAN_POINT('', (0.638626, 2.105269, 246.000000));
#225=CARTESIAN_POINT('', (0.429199, 2.157728, 246.000000));
#226=CARTESIAN_POINT('', (0.215638, 2.189406, 246.000000));
#227=CARTESIAN_POINT('', (0.000000, 2.200000, 246.000000));
#228=CARTESIAN_POINT('', (-0.215638, 2.189406, 246.000000));
#229=CARTESIAN_POINT('', (-0.429199, 2.157728, 246.000000));
#230=CARTESIAN_POINT('', (-0.638626, 2.105269, 246.000000));
#231=CARTESIAN_POINT('', (-0.841904, 2.032535, 246.000000));
#232=CARTESIAN_POINT('', (-1.037073, 1.940227, 246.000000));
#233=CARTESIAN_POINT('', (-1.222255, 1.829233, 246.000000));
#234=CARTESIAN_POINT('', (-1.395665, 1.700623, 246.000000));
#235=CARTESIAN_POINT('', (-1.555635, 1.555635, 246.000000));
#236=CARTESIAN_POINT('', (-1.700623, 1.395665, 246.000000));
#237=CARTESIAN_POINT('', (-1.829233, 1.222255, 246.000000));
#238=CARTESIAN_POINT('', (-1.940227, 1.037073, 246.000000));
#239=CARTESIAN_POINT('', (-2.032535, 0.841904, 246.000000));
#240=CARTESIAN_POINT('', (-2.105269, 0.638626, 246.000000));
#241=CARTESIAN_POINT('', (-2.157728, 0.429199, 246.000000));
#242=CARTESIAN_POINT('', (-2.189406, 0.215638, 246.000000));
#243=CARTESIAN_POINT('', (-2.200000, 0.000000, 246.000000));
#244=CARTESIAN_POINT('', (-2.189406, -0.215638, 246.000000));
#245=CARTESIAN_POINT('', (-2.157728, -0.429199, 246.000000));
#246=CARTESIAN_POINT('', (-2.105269, -0.638626, 246.000000));
#247=CARTESIAN_POINT('', (-2.032535, -0.841904, 246.000000));
#248=CARTESIAN_POINT('', (-1.940227, -1.037073, 246.000000));
#249=CARTESIAN_POINT('', (-1.829233, -1.222255, 246.000000));
#250=CARTESIAN_POINT('', (-1.700623, -1.395665, 246.000000));
#251=CARTESIAN_POINT('', (-1.555635, -1.555635, 246.000000));
#252=CARTESIAN_POINT('', (-1.395665, -1.700623, 246.000000));
#253=CARTESIAN_POINT('', (-1.222255, -1.829233, 246.000000));
#254=CARTESIAN_POINT('', (-1.037073, -1.940227, 246.000000));
#255=CARTESIAN_POINT('', (-0.841904, -2.032535, 246.000000));
#256=CARTESIAN_POINT('', (-0.638626, -2.105269, 246.000000));
#257=CARTESIAN_POINT('', (-0.429199, -2.157728, 246.000000));
#258=CARTESIAN_POINT('', (-0.215638, -2.189406, 246.000000));
#259=CARTESIAN_POINT('', (-0.000000, -2.200000, 246.000000));
#260=CARTESIAN_POINT('', (0.215638, -2.189406, 246.000000));
#261=CARTESIAN_POINT('', (0.429199, -2.157728, 246.000000));
#262=CARTESIAN_POINT('', (0.638626, -2.105269, 246.000000));
#263=CARTESIAN_POINT('', (0.841904, -2.032535, 246.000000));
#264=CARTESIAN_POINT('', (1.037073, -1.940227, 246.000000));
#265=CARTESIAN_POINT('', (1.222255, -1.829233, 246.000000));
#266=CARTESIAN_POINT('', (1.395665, -1.700623, 246.000000));
#267=CARTESIAN_POINT('', (1.555635, -1.555635, 246.000000));
#268=CARTESIAN_POINT('', (1.700623, -1.395665, 246.000000));
#269=CARTESIAN_POINT('', (1.829233, -1.222255, 246.000000));
#270=CARTESIAN_POINT('', (1.940227, -1.037073, 246.000000));
#271=CARTESIAN_POINT('', (2.032535, -0.841904, 246.000000));
#272=CARTESIAN_POINT('', (2.105269, -0.638626, 246.000000));
#273=CARTESIAN_POINT('', (2.157728, -0.429199, 246.000000));
#274=CARTESIAN_POINT('', (2.189406, -0.215638, 246.000000));
#275=CARTESIAN_POINT('', (2.800000, 0.000000, 255.000000));
#276=CARTESIAN_POINT('', (2.786517, 0.274448, 255.000000));
#277=CARTESIAN_POINT('', (2.746199, 0.546253, 255.000000));
#278=CARTESIAN_POINT('', (2.679433, 0.812797, 255.000000));
#279=CARTESIAN_POINT('', (2.586863, 1.071514, 255.000000));
#280=CARTESIAN_POINT('', (2.469380, 1.319911, 255.000000));
#281=CARTESIAN_POINT('', (2.328115, 1.555597, 255.000000));
#282=CARTESIAN_POINT('', (2.164429, 1.776301, 255.000000));
#283=CARTESIAN_POINT('', (1.979899, 1.979899, 255.000000));
#284=CARTESIAN_POINT('', (1.776301, 2.164429, 255.000000));
#285=CARTESIAN_POINT('', (1.555597, 2.328115, 255.000000));
#286=CARTESIAN_POINT('', (1.319911, 2.469380, 255.000000));
#287=CARTESIAN_POINT('', (1.071514, 2.586863, 255.000000));
#288=CARTESIAN_POINT('', (0.812797, 2.679433, 255.000000));
#289=CARTESIAN_POINT('', (0.546253, 2.746199, 255.000000));
#290=CARTESIAN_POINT('', (0.274448, 2.786517, 255.000000));
#291=CARTESIAN_POINT('', (0.000000, 2.800000, 255.000000));
#292=CARTESIAN_POINT('', (-0.274448, 2.786517, 255.000000));
#293=CARTESIAN_POINT('', (-0.546253, 2.746199, 255.000000));
#294=CARTESIAN_POINT('', (-0.812797, 2.679433, 255.000000));
#295=CARTESIAN_POINT('', (-1.071514, 2.586863, 255.000000));
#296=CARTESIAN_POINT('', (-1.319911, 2.469380, 255.000000));
#297=CARTESIAN_POINT('', (-1.555597, 2.328115, 255.000000));
#298=CARTESIAN_POINT('', (-1.776301, 2.164429, 255.000000));
#299=CARTESIAN_POINT('', (-1.979899, 1.979899, 255.000000));
#300=CARTESIAN_POINT('', (-2.164429, 1.776301, 255.000000));
#301=CARTESIAN_POINT('', (-2.328115, 1.555597, 255.000000));
#302=CARTESIAN_POINT('', (-2.469380, 1.319911, 255.000000));
#303=CARTESIAN_POINT('', (-2.586863, 1.071514, 255.000000));
#304=CARTESIAN_POINT('', (-2.679433, 0.812797, 255.000000));
#305=CARTESIAN_POINT('', (-2.746199, 0.546253, 255.000000));
#306=CARTESIAN_POINT('', (-2.786517, 0.274448, 255.000000));
#307=CARTESIAN_POINT('', (-2.800000, 0.000000, 255.000000));
#308=CARTESIAN_POINT('', (-2.786517, -0.274448, 255.000000));
#309=CARTESIAN_POINT('', (-2.746199, -0.546253, 255.000000));
#310=CARTESIAN_POINT('', (-2.679433, -0.812797, 255.000000));
#311=CARTESIAN_POINT('', (-2.586863, -1.071514, 255.000000));
#312=CARTESIAN_POINT('', (-2.469380, -1.319911, 255.000000));
#313=CARTESIAN_POINT('', (-2.328115, -1.555597, 255.000000));
#314=CARTESIAN_POINT('', (-2.164429, -1.776301, 255.000000));
#315=CARTESIAN_POINT('', (-1.979899, -1.979899, 255.000000));
#316=CARTESIAN_POINT('', (-1.776301, -2.164429, 255.000000));
#317=CARTESIAN_POINT('', (-1.555597, -2.328115, 255.000000));
#318=CARTESIAN_POINT('', (-1.319911, -2.469380, 255.000000));
#319=CARTESIAN_POINT('', (-1.071514, -2.586863, 255.000000));
#320=CARTESIAN_POINT('', (-0.812797, -2.679433, 255.000000));
#321=CARTESIAN_POINT('', (-0.546253, -2.746199, 255.000000));
#322=CARTESIAN_POINT('', (-0.274448, -2.786517, 255.000000));
#323=CARTESIAN_POINT('', (-0.000000, -2.800000, 255.000000));
#324=CARTESIAN_POINT('', (0.274448, -2.786517, 255.000000));
#325=CARTESIAN_POINT('', (0.546253, -2.746199, 255.000000));
#326=CARTESIAN_POINT('', (0.812797, -2.679433, 255.000000));
#327=CARTESIAN_POINT('', (1.071514, -2.586863, 255.000000));
#328=CARTESIAN_POINT('', (1.319911, -2.469380, 255.000000));
#329=CARTESIAN_POINT('', (1.555597, -2.328115, 255.000000));
#330=CARTESIAN_POINT('', (1.776301, -2.164429, 255.000000));
#331=CARTESIAN_POINT('', (1.979899, -1.979899, 255.000000));
#332=CARTESIAN_POINT('', (2.164429, -1.776301, 255.000000));
#333=CARTESIAN_POINT('', (2.328115, -1.555597, 255.000000));
#334=CARTESIAN_POINT('', (2.469380, -1.319911, 255.000000));
#335=CARTESIAN_POINT('', (2.586863, -1.071514, 255.000000));
#336=CARTESIAN_POINT('', (2.679433, -0.812797, 255.000000));
#337=CARTESIAN_POINT('', (2.746199, -0.546253, 255.000000));
#338=CARTESIAN_POINT('', (2.786517, -0.274448, 255.000000));
#339=CARTESIAN_POINT('', (0.600000, 0.000000, 0.000000));
#340=CARTESIAN_POINT('', (0.597111, 0.058810, 0.000000));
#341=CARTESIAN_POINT('', (0.588471, 0.117054, 0.000000));
#342=CARTESIAN_POINT('', (0.574164, 0.174171, 0.000000));
#343=CARTESIAN_POINT('', (0.554328, 0.229610, 0.000000));
#344=CARTESIAN_POINT('', (0.529153, 0.282838, 0.000000));
#345=CARTESIAN_POINT('', (0.498882, 0.333342, 0.000000));
#346=CARTESIAN_POINT('', (0.463806, 0.380636, 0.000000));
#347=CARTESIAN_POINT('', (0.424264, 0.424264, 0.000000));
#348=CARTESIAN_POINT('', (0.380636, 0.463806, 0.000000));
#349=CARTESIAN_POINT('', (0.333342, 0.498882, 0.000000));
#350=CARTESIAN_POINT('', (0.282838, 0.529153, 0.000000));
#351=CARTESIAN_POINT('', (0.229610, 0.554328, 0.000000));
#352=CARTESIAN_POINT('', (0.174171, 0.574164, 0.000000));
#353=CARTESIAN_POINT('', (0.117054, 0.588471, 0.000000));
#354=CARTESIAN_POINT('', (0.058810, 0.597111, 0.000000));
#355=CARTESIAN_POINT('', (0.000000, 0.600000, 0.000000));
#356=CARTESIAN_POINT('', (-0.058810, 0.597111, 0.000000));
#357=CARTESIAN_POINT('', (-0.117054, 0.588471, 0.000000));
#358=CARTESIAN_POINT('', (-0.174171, 0.574164, 0.000000));
#359=CARTESIAN_POINT('', (-0.229610, 0.554328, 0.000000));
#360=CARTESIAN_POINT('', (-0.282838, 0.529153, 0.000000));
#361=CARTESIAN_POINT('', (-0.333342, 0.498882, 0.000000));
#362=CARTESIAN_POINT('', (-0.380636, 0.463806, 0.000000));
#363=CARTESIAN_POINT('', (-0.424264, 0.424264, 0.000000));
#364=CARTESIAN_POINT('', (-0.463806, 0.380636, 0.000000));
#365=CARTESIAN_POINT('', (-0.498882, 0.333342, 0.000000));
#366=CARTESIAN_POINT('', (-0.529153, 0.282838, 0.000000));
#367=CARTESIAN_POINT('', (-0.554328, 0.229610, 0.000000));
#368=CARTESIAN_POINT('', (-0.574164, 0.174171, 0.000000));
#369=CARTESIAN_POINT('', (-0.588471, 0.117054, 0.000000));
#370=CARTESIAN_POINT('', (-0.597111, 0.058810, 0.000000));
#371=CARTESIAN_POINT('', (-0.600000, 0.000000, 0.000000));
#372=CARTESIAN_POINT('', (-0.597111, -0.058810, 0.000000));
#373=CARTESIAN_POINT('', (-0.588471, -0.117054, 0.000000));
#374=CARTESIAN_POINT('', (-0.574164, -0.174171, 0.000000));
#375=CARTESIAN_POINT('', (-0.554328, -0.229610, 0.000000));
#376=CARTESIAN_POINT('', (-0.529153, -0.282838, 0.000000));
#377=CARTESIAN_POINT('', (-0.498882, -0.333342, 0.000000));
#378=CARTESIAN_POINT('', (-0.463806, -0.380636, 0.000000));
#379=CARTESIAN_POINT('', (-0.424264, -0.424264, 0.000000));
#380=CARTESIAN_POINT('', (-0.380636, -0.463806, 0.000000));
#381=CARTESIAN_POINT('', (-0.333342, -0.498882, 0.000000));
#382=CARTESIAN_POINT('', (-0.282838, -0.529153, 0.000000));
#383=CARTESIAN_POINT('', (-0.229610, -0.554328, 0.000000));
#384=CARTESIAN_POINT('', (-0.174171, -0.574164, 0.000000));
#385=CARTESIAN_POINT('', (-0.117054, -0.588471, 0.000000));
#386=CARTESIAN_POINT('', (-0.058810, -0.597111, 0.000000));
#387=CARTESIAN_POINT('', (-0.000000, -0.600000, 0.000000));
#388=CARTESIAN_POINT('', (0.058810, -0.597111, 0.000000));
#389=CARTESIAN_POINT('', (0.117054, -0.588471, 0.000000));
#390=CARTESIAN_POINT('', (0.174171, -0.574164, 0.000000));
#391=CARTESIAN_POINT('', (0.229610, -0.554328, 0.000000));
#392=CARTESIAN_POINT('', (0.282838, -0.529153, 0.000000));
#393=CARTESIAN_POINT('', (0.333342, -0.498882, 0.000000));
#394=CARTESIAN_POINT('', (0.380636, -0.463806, 0.000000));
#395=CARTESIAN_POINT('', (0.424264, -0.424264, 0.000000));
#396=CARTESIAN_POINT('', (0.463806, -0.380636, 0.000000));
#397=CARTESIAN_POINT('', (0.498882, -0.333342, 0.000000));
#398=CARTESIAN_POINT('', (0.529153, -0.282838, 0.000000));
#399=CARTESIAN_POINT('', (0.554328, -0.229610, 0.000000));
#400=CARTESIAN_POINT('', (0.574164, -0.174171, 0.000000));
#401=CARTESIAN_POINT('', (0.588471, -0.117054, 0.000000));
#402=CARTESIAN_POINT('', (0.597111, -0.058810, 0.000000));
#403=CARTESIAN_POINT('', (0.600000, 0.000000, 5.000000));
#404=CARTESIAN_POINT('', (0.597111, 0.058810, 5.000000));
#405=CARTESIAN_POINT('', (0.588471, 0.117054, 5.000000));
#406=CARTESIAN_POINT('', (0.574164, 0.174171, 5.000000));
#407=CARTESIAN_POINT('', (0.554328, 0.229610, 5.000000));
#408=CARTESIAN_POINT('', (0.529153, 0.282838, 5.000000));
#409=CARTESIAN_POINT('', (0.498882, 0.333342, 5.000000));
#410=CARTESIAN_POINT('', (0.463806, 0.380636, 5.000000));
#411=CARTESIAN_POINT('', (0.424264, 0.424264, 5.000000));
#412=CARTESIAN_POINT('', (0.380636, 0.463806, 5.000000));
#413=CARTESIAN_POINT('', (0.333342, 0.498882, 5.000000));
#414=CARTESIAN_POINT('', (0.282838, 0.529153, 5.000000));
#415=CARTESIAN_POINT('', (0.229610, 0.554328, 5.000000));
#416=CARTESIAN_POINT('', (0.174171, 0.574164, 5.000000));
#417=CARTESIAN_POINT('', (0.117054, 0.588471, 5.000000));
#418=CARTESIAN_POINT('', (0.058810, 0.597111, 5.000000));
#419=CARTESIAN_POINT('', (0.000000, 0.600000, 5.000000));
#420=CARTESIAN_POINT('', (-0.058810, 0.597111, 5.000000));
#421=CARTESIAN_POINT('', (-0.117054, 0.588471, 5.000000));
#422=CARTESIAN_POINT('', (-0.174171, 0.574164, 5.000000));
#423=CARTESIAN_POINT('', (-0.229610, 0.554328, 5.000000));
#424=CARTESIAN_POINT('', (-0.282838, 0.529153, 5.000000));
#425=CARTESIAN_POINT('', (-0.333342, 0.498882, 5.000000));
#426=CARTESIAN_POINT('', (-0.380636, 0.463806, 5.000000));
#427=CARTESIAN_POINT('', (-0.424264, 0.424264, 5.000000));
#428=CARTESIAN_POINT('', (-0.463806, 0.380636, 5.000000));
#429=CARTESIAN_POINT('', (-0.498882, 0.333342, 5.000000));
#430=CARTESIAN_POINT('', (-0.529153, 0.282838, 5.000000));
#431=CARTESIAN_POINT('', (-0.554328, 0.229610, 5.000000));
#432=CARTESIAN_POINT('', (-0.574164, 0.174171, 5.000000));
#433=CARTESIAN_POINT('', (-0.588471, 0.117054, 5.000000));
#434=CARTESIAN_POINT('', (-0.597111, 0.058810, 5.000000));
#435=CARTESIAN_POINT('', (-0.600000, 0.000000, 5.000000));
#436=CARTESIAN_POINT('', (-0.597111, -0.058810, 5.000000));
#437=CARTESIAN_POINT('', (-0.588471, -0.117054, 5.000000));
#438=CARTESIAN_POINT('', (-0.574164, -0.174171, 5.000000));
#439=CARTESIAN_POINT('', (-0.554328, -0.229610, 5.000000));
#440=CARTESIAN_POINT('', (-0.529153, -0.282838, 5.000000));
#441=CARTESIAN_POINT('', (-0.498882, -0.333342, 5.000000));
#442=CARTESIAN_POINT('', (-0.463806, -0.380636, 5.000000));
#443=CARTESIAN_POINT('', (-0.424264, -0.424264, 5.000000));
#444=CARTESIAN_POINT('', (-0.380636, -0.463806, 5.000000));
#445=CARTESIAN_POINT('', (-0.333342, -0.498882, 5.000000));
#446=CARTESIAN_POINT('', (-0.282838, -0.529153, 5.000000));
#447=CARTESIAN_POINT('', (-0.229610, -0.554328, 5.000000));
#448=CARTESIAN_POINT('', (-0.174171, -0.574164, 5.000000));
#449=CARTESIAN_POINT('', (-0.117054, -0.588471, 5.000000));
#450=CARTESIAN_POINT('', (-0.058810, -0.597111, 5.000000));
#451=CARTESIAN_POINT('', (-0.000000, -0.600000, 5.000000));
#452=CARTESIAN_POINT('', (0.058810, -0.597111, 5.000000));
#453=CARTESIAN_POINT('', (0.117054, -0.588471, 5.000000));
#454=CARTESIAN_POINT('', (0.174171, -0.574164, 5.000000));
#455=CARTESIAN_POINT('', (0.229610, -0.554328, 5.000000));
#456=CARTESIAN_POINT('', (0.282838, -0.529153, 5.000000));
#457=CARTESIAN_POINT('', (0.333342, -0.498882, 5.000000));
#458=CARTESIAN_POINT('', (0.380636, -0.463806, 5.000000));
#459=CARTESIAN_POINT('', (0.424264, -0.424264, 5.000000));
#460=CARTESIAN_POINT('', (0.463806, -0.380636, 5.000000));
#461=CARTESIAN_POINT('', (0.498882, -0.333342, 5.000000));
#462=CARTESIAN_POINT('', (0.529153, -0.282838, 5.000000));
#463=CARTESIAN_POINT('', (0.554328, -0.229610, 5.000000));
#464=CARTESIAN_POINT('', (0.574164, -0.174171, 5.000000));
#465=CARTESIAN_POINT('', (0.588471, -0.117054, 5.000000));
#466=CARTESIAN_POINT('', (0.597111, -0.058810, 5.000000));
#467=CARTESIAN_POINT('', (0.600000, 0.000000, 240.000000));
#468=CARTESIAN_POINT('', (0.597111, 0.058810, 240.000000));
#469=CARTESIAN_POINT('', (0.588471, 0.117054, 240.000000));
#470=CARTESIAN_POINT('', (0.574164, 0.174171, 240.000000));
#471=CARTESIAN_POINT('', (0.554328, 0.229610, 240.000000));
#472=CARTESIAN_POINT('', (0.529153, 0.282838, 240.000000));
#473=CARTESIAN_POINT('', (0.498882, 0.333342, 240.000000));
#474=CARTESIAN_POINT('', (0.463806, 0.380636, 240.000000));
#475=CARTESIAN_POINT('', (0.424264, 0.424264, 240.000000));
#476=CARTESIAN_POINT('', (0.380636, 0.463806, 240.000000));
#477=CARTESIAN_POINT('', (0.333342, 0.498882, 240.000000));
#478=CARTESIAN_POINT('', (0.282838, 0.529153, 240.000000));
#479=CARTESIAN_POINT('', (0.229610, 0.554328, 240.000000));
#480=CARTESIAN_POINT('', (0.174171, 0.574164, 240.000000));
#481=CARTESIAN_POINT('', (0.117054, 0.588471, 240.000000));
#482=CARTESIAN_POINT('', (0.058810, 0.597111, 240.000000));
#483=CARTESIAN_POINT('', (0.000000, 0.600000, 240.000000));
#484=CARTESIAN_POINT('', (-0.058810, 0.597111, 240.000000));
#485=CARTESIAN_POINT('', (-0.117054, 0.588471, 240.000000));
#486=CARTESIAN_POINT('', (-0.174171, 0.574164, 240.000000));
#487=CARTESIAN_POINT('', (-0.229610, 0.554328, 240.000000));
#488=CARTESIAN_POINT('', (-0.282838, 0.529153, 240.000000));
#489=CARTESIAN_POINT('', (-0.333342, 0.498882, 240.000000));
#490=CARTESIAN_POINT('', (-0.380636, 0.463806, 240.000000));
#491=CARTESIAN_POINT('', (-0.424264, 0.424264, 240.000000));
#492=CARTESIAN_POINT('', (-0.463806, 0.380636, 240.000000));
#493=CARTESIAN_POINT('', (-0.498882, 0.333342, 240.000000));
#494=CARTESIAN_POINT('', (-0.529153, 0.282838, 240.000000));
#495=CARTESIAN_POINT('', (-0.554328, 0.229610, 240.000000));
#496=CARTESIAN_POINT('', (-0.574164, 0.174171, 240.000000));
#497=CARTESIAN_POINT('', (-0.588471, 0.117054, 240.000000));
#498=CARTESIAN_POINT('', (-0.597111, 0.058810, 240.000000));
#499=CARTESIAN_POINT('', (-0.600000, 0.000000, 240.000000));
#500=CARTESIAN_POINT('', (-0.597111, -0.058810, 240.000000));
#501=CARTESIAN_POINT('', (-0.588471, -0.117054, 240.000000));
#502=CARTESIAN_POINT('', (-0.574164, -0.174171, 240.000000));
#503=CARTESIAN_POINT('', (-0.554328, -0.229610, 240.000000));
#504=CARTESIAN_POINT('', (-0.529153, -0.282838, 240.000000));
#505=CARTESIAN_POINT('', (-0.498882, -0.333342, 240.000000));
#506=CARTESIAN_POINT('', (-0.463806, -0.380636, 240.000000));
#507=CARTESIAN_POINT('', (-0.424264, -0.424264, 240.000000));
#508=CARTESIAN_POINT('', (-0.380636, -0.463806, 240.000000));
#509=CARTESIAN_POINT('', (-0.333342, -0.498882, 240.000000));
#510=CARTESIAN_POINT('', (-0.282838, -0.529153, 240.000000));
#511=CARTESIAN_POINT('', (-0.229610, -0.554328, 240.000000));
#512=CARTESIAN_POINT('', (-0.174171, -0.574164, 240.000000));
#513=CARTESIAN_POINT('', (-0.117054, -0.588471, 240.000000));
#514=CARTESIAN_POINT('', (-0.058810, -0.597111, 240.000000));
#515=CARTESIAN_POINT('', (-0.000000, -0.600000, 240.000000));
#516=CARTESIAN_POINT('', (0.058810, -0.597111, 240.000000));
#517=CARTESIAN_POINT('', (0.117054, -0.588471, 240.000000));
#518=CARTESIAN_POINT('', (0.174171, -0.574164, 240.000000));
#519=CARTESIAN_POINT('', (0.229610, -0.554328, 240.000000));
#520=CARTESIAN_POINT('', (0.282838, -0.529153, 240.000000));
#521=CARTESIAN_POINT('', (0.333342, -0.498882, 240.000000));
#522=CARTESIAN_POINT('', (0.380636, -0.463806, 240.000000));
#523=CARTESIAN_POINT('', (0.424264, -0.424264, 240.000000));
#524=CARTESIAN_POINT('', (0.463806, -0.380636, 240.000000));
#525=CARTESIAN_POINT('', (0.498882, -0.333342, 240.000000));
#526=CARTESIAN_POINT('', (0.529153, -0.282838, 240.000000));
#527=CARTESIAN_POINT('', (0.554328, -0.229610, 240.000000));
#528=CARTESIAN_POINT('', (0.574164, -0.174171, 240.000000));
#529=CARTESIAN_POINT('', (0.588471, -0.117054, 240.000000));
#530=CARTESIAN_POINT('', (0.597111, -0.058810, 240.000000));
#531=CARTESIAN_POINT('', (0.780000, 0.000000, 246.000000));
#532=CARTESIAN_POINT('', (0.776244, 0.076453, 246.000000));
#533=CARTESIAN_POINT('', (0.765013, 0.152170, 246.000000));
#534=CARTESIAN_POINT('', (0.746413, 0.226422, 246.000000));
#535=CARTESIAN_POINT('', (0.720626, 0.298493, 246.000000));
#536=CARTESIAN_POINT('', (0.687899, 0.367689, 246.000000));
#537=CARTESIAN_POINT('', (0.648546, 0.433345, 246.000000));
#538=CARTESIAN_POINT('', (0.602948, 0.494827, 246.000000));
#539=CARTESIAN_POINT('', (0.551543, 0.551543, 246.000000));
#540=CARTESIAN_POINT('', (0.494827, 0.602948, 246.000000));
#541=CARTESIAN_POINT('', (0.433345, 0.648546, 246.000000));
#542=CARTESIAN_POINT('', (0.367689, 0.687899, 246.000000));
#543=CARTESIAN_POINT('', (0.298493, 0.720626, 246.000000));
#544=CARTESIAN_POINT('', (0.226422, 0.746413, 246.000000));
#545=CARTESIAN_POINT('', (0.152170, 0.765013, 246.000000));
#546=CARTESIAN_POINT('', (0.076453, 0.776244, 246.000000));
#547=CARTESIAN_POINT('', (0.000000, 0.780000, 246.000000));
#548=CARTESIAN_POINT('', (-0.076453, 0.776244, 246.000000));
#549=CARTESIAN_POINT('', (-0.152170, 0.765013, 246.000000));
#550=CARTESIAN_POINT('', (-0.226422, 0.746413, 246.000000));
#551=CARTESIAN_POINT('', (-0.298493, 0.720626, 246.000000));
#552=CARTESIAN_POINT('', (-0.367689, 0.687899, 246.000000));
#553=CARTESIAN_POINT('', (-0.433345, 0.648546, 246.000000));
#554=CARTESIAN_POINT('', (-0.494827, 0.602948, 246.000000));
#555=CARTESIAN_POINT('', (-0.551543, 0.551543, 246.000000));
#556=CARTESIAN_POINT('', (-0.602948, 0.494827, 246.000000));
#557=CARTESIAN_POINT('', (-0.648546, 0.433345, 246.000000));
#558=CARTESIAN_POINT('', (-0.687899, 0.367689, 246.000000));
#559=CARTESIAN_POINT('', (-0.720626, 0.298493, 246.000000));
#560=CARTESIAN_POINT('', (-0.746413, 0.226422, 246.000000));
#561=CARTESIAN_POINT('', (-0.765013, 0.152170, 246.000000));
#562=CARTESIAN_POINT('', (-0.776244, 0.076453, 246.000000));
#563=CARTESIAN_POINT('', (-0.780000, 0.000000, 246.000000));
#564=CARTESIAN_POINT('', (-0.776244, -0.076453, 246.000000));
#565=CARTESIAN_POINT('', (-0.765013, -0.152170, 246.000000));
#566=CARTESIAN_POINT('', (-0.746413, -0.226422, 246.000000));
#567=CARTESIAN_POINT('', (-0.720626, -0.298493, 246.000000));
#568=CARTESIAN_POINT('', (-0.687899, -0.367689, 246.000000));
#569=CARTESIAN_POINT('', (-0.648546, -0.433345, 246.000000));
#570=CARTESIAN_POINT('', (-0.602948, -0.494827, 246.000000));
#571=CARTESIAN_POINT('', (-0.551543, -0.551543, 246.000000));
#572=CARTESIAN_POINT('', (-0.494827, -0.602948, 246.000000));
#573=CARTESIAN_POINT('', (-0.433345, -0.648546, 246.000000));
#574=CARTESIAN_POINT('', (-0.367689, -0.687899, 246.000000));
#575=CARTESIAN_POINT('', (-0.298493, -0.720626, 246.000000));
#576=CARTESIAN_POINT('', (-0.226422, -0.746413, 246.000000));
#577=CARTESIAN_POINT('', (-0.152170, -0.765013, 246.000000));
#578=CARTESIAN_POINT('', (-0.076453, -0.776244, 246.000000));
#579=CARTESIAN_POINT('', (-0.000000, -0.780000, 246.000000));
#580=CARTESIAN_POINT('', (0.076453, -0.776244, 246.000000));
#581=CARTESIAN_POINT('', (0.152170, -0.765013, 246.000000));
#582=CARTESIAN_POINT('', (0.226422, -0.746413, 246.000000));
#583=CARTESIAN_POINT('', (0.298493, -0.720626, 246.000000));
#584=CARTESIAN_POINT('', (0.367689, -0.687899, 246.000000));
#585=CARTESIAN_POINT('', (0.433345, -0.648546, 246.000000));
#586=CARTESIAN_POINT('', (0.494827, -0.602948, 246.000000));
#587=CARTESIAN_POINT('', (0.551543, -0.551543, 246.000000));
#588=CARTESIAN_POINT('', (0.602948, -0.494827, 246.000000));
#589=CARTESIAN_POINT('', (0.648546, -0.433345, 246.000000));
#590=CARTESIAN_POINT('', (0.687899, -0.367689, 246.000000));
#591=CARTESIAN_POINT('', (0.720626, -0.298493, 246.000000));
#592=CARTESIAN_POINT('', (0.746413, -0.226422, 246.000000));
#593=CARTESIAN_POINT('', (0.765013, -0.152170, 246.000000));
#594=CARTESIAN_POINT('', (0.776244, -0.076453, 246.000000));
#595=CARTESIAN_POINT('', (1.080000, 0.000000, 255.000000));
#596=CARTESIAN_POINT('', (1.074800, 0.105859, 255.000000));
#597=CARTESIAN_POINT('', (1.059248, 0.210698, 255.000000));
#598=CARTESIAN_POINT('', (1.033496, 0.313507, 255.000000));
#599=CARTESIAN_POINT('', (0.997790, 0.413298, 255.000000));
#600=CARTESIAN_POINT('', (0.952475, 0.509108, 255.000000));
#601=CARTESIAN_POINT('', (0.897987, 0.600016, 255.000000));
#602=CARTESIAN_POINT('', (0.834851, 0.685145, 255.000000));
#603=CARTESIAN_POINT('', (0.763675, 0.763675, 255.000000));
#604=CARTESIAN_POINT('', (0.685145, 0.834851, 255.000000));
#605=CARTESIAN_POINT('', (0.600016, 0.897987, 255.000000));
#606=CARTESIAN_POINT('', (0.509108, 0.952475, 255.000000));
#607=CARTESIAN_POINT('', (0.413298, 0.997790, 255.000000));
#608=CARTESIAN_POINT('', (0.313507, 1.033496, 255.000000));
#609=CARTESIAN_POINT('', (0.210698, 1.059248, 255.000000));
#610=CARTESIAN_POINT('', (0.105859, 1.074800, 255.000000));
#611=CARTESIAN_POINT('', (0.000000, 1.080000, 255.000000));
#612=CARTESIAN_POINT('', (-0.105859, 1.074800, 255.000000));
#613=CARTESIAN_POINT('', (-0.210698, 1.059248, 255.000000));
#614=CARTESIAN_POINT('', (-0.313507, 1.033496, 255.000000));
#615=CARTESIAN_POINT('', (-0.413298, 0.997790, 255.000000));
#616=CARTESIAN_POINT('', (-0.509108, 0.952475, 255.000000));
#617=CARTESIAN_POINT('', (-0.600016, 0.897987, 255.000000));
#618=CARTESIAN_POINT('', (-0.685145, 0.834851, 255.000000));
#619=CARTESIAN_POINT('', (-0.763675, 0.763675, 255.000000));
#620=CARTESIAN_POINT('', (-0.834851, 0.685145, 255.000000));
#621=CARTESIAN_POINT('', (-0.897987, 0.600016, 255.000000));
#622=CARTESIAN_POINT('', (-0.952475, 0.509108, 255.000000));
#623=CARTESIAN_POINT('', (-0.997790, 0.413298, 255.000000));
#624=CARTESIAN_POINT('', (-1.033496, 0.313507, 255.000000));
#625=CARTESIAN_POINT('', (-1.059248, 0.210698, 255.000000));
#626=CARTESIAN_POINT('', (-1.074800, 0.105859, 255.000000));
#627=CARTESIAN_POINT('', (-1.080000, 0.000000, 255.000000));
#628=CARTESIAN_POINT('', (-1.074800, -0.105859, 255.000000));
#629=CARTESIAN_POINT('', (-1.059248, -0.210698, 255.000000));
#630=CARTESIAN_POINT('', (-1.033496, -0.313507, 255.000000));
#631=CARTESIAN_POINT('', (-0.997790, -0.413298, 255.000000));
#632=CARTESIAN_POINT('', (-0.952475, -0.509108, 255.000000));
#633=CARTESIAN_POINT('', (-0.897987, -0.600016, 255.000000));
#634=CARTESIAN_POINT('', (-0.834851, -0.685145, 255.000000));
#635=CARTESIAN_POINT('', (-0.763675, -0.763675, 255.000000));
#636=CARTESIAN_POINT('', (-0.685145, -0.834851, 255.000000));
#637=CARTESIAN_POINT('', (-0.600016, -0.897987, 255.000000));
#638=CARTESIAN_POINT('', (-0.509108, -0.952475, 255.000000));
#639=CARTESIAN_POINT('', (-0.413298, -0.997790, 255.000000));
#640=CARTESIAN_POINT('', (-0.313507, -1.033496, 255.000000));
#641=CARTESIAN_POINT('', (-0.210698, -1.059248, 255.000000));
#642=CARTESIAN_POINT('', (-0.105859, -1.074800, 255.000000));
#643=CARTESIAN_POINT('', (-0.000000, -1.080000, 255.000000));
#644=CARTESIAN_POINT('', (0.105859, -1.074800, 255.000000));
#645=CARTESIAN_POINT('', (0.210698, -1.059248, 255.000000));
#646=CARTESIAN_POINT('', (0.313507, -1.033496, 255.000000));
#647=CARTESIAN_POINT('', (0.413298, -0.997790, 255.000000));
#648=CARTESIAN_POINT('', (0.509108, -0.952475, 255.000000));
#649=CARTESIAN_POINT('', (0.600016, -0.897987, 255.000000));
#650=CARTESIAN_POINT('', (0.685145, -0.834851, 255.000000));
#651=CARTESIAN_POINT('', (0.763675, -0.763675, 255.000000));
#652=CARTESIAN_POINT('', (0.834851, -0.685145, 255.000000));
#653=CARTESIAN_POINT('', (0.897987, -0.600016, 255.000000));
#654=CARTESIAN_POINT('', (0.952475, -0.509108, 255.000000));
#655=CARTESIAN_POINT('', (0.997790, -0.413298, 255.000000));
#656=CARTESIAN_POINT('', (1.033496, -0.313507, 255.000000));
#657=CARTESIAN_POINT('', (1.059248, -0.210698, 255.000000));
#658=CARTESIAN_POINT('', (1.074800, -0.105859, 255.000000));
#659=POLY_LOOP('', (#19, #20, #84));
#660=FACE_OUTER_BOUND('', #659, .T.);
#661=FACE_SURFACE('', (#660), #662, .T.);
#662=PLANE('', #9);
#664=POLY_LOOP('', (#19, #84, #83));
#665=FACE_OUTER_BOUND('', #664, .T.);
#666=FACE_SURFACE('', (#665), #667, .T.);
#667=PLANE('', #9);
#669=POLY_LOOP('', (#20, #21, #85));
#670=FACE_OUTER_BOUND('', #669, .T.);
#671=FACE_SURFACE('', (#670), #672, .T.);
#672=PLANE('', #9);
#674=POLY_LOOP('', (#20, #85, #84));
#675=FACE_OUTER_BOUND('', #674, .T.);
#676=FACE_SURFACE('', (#675), #677, .T.);
#677=PLANE('', #9);
#679=POLY_LOOP('', (#21, #22, #86));
#680=FACE_OUTER_BOUND('', #679, .T.);
#681=FACE_SURFACE('', (#680), #682, .T.);
#682=PLANE('', #9);
#684=POLY_LOOP('', (#21, #86, #85));
#685=FACE_OUTER_BOUND('', #684, .T.);
#686=FACE_SURFACE('', (#685), #687, .T.);
#687=PLANE('', #9);
#689=POLY_LOOP('', (#22, #23, #87));
#690=FACE_OUTER_BOUND('', #689, .T.);
#691=FACE_SURFACE('', (#690), #692, .T.);
#692=PLANE('', #9);
#694=POLY_LOOP('', (#22, #87, #86));
#695=FACE_OUTER_BOUND('', #694, .T.);
#696=FACE_SURFACE('', (#695), #697, .T.);
#697=PLANE('', #9);
#699=POLY_LOOP('', (#23, #24, #88));
#700=FACE_OUTER_BOUND('', #699, .T.);
#701=FACE_SURFACE('', (#700), #702, .T.);
#702=PLANE('', #9);
#704=POLY_LOOP('', (#23, #88, #87));
#705=FACE_OUTER_BOUND('', #704, .T.);
#706=FACE_SURFACE('', (#705), #707, .T.);
#707=PLANE('', #9);
#709=POLY_LOOP('', (#24, #25, #89));
#710=FACE_OUTER_BOUND('', #709, .T.);
#711=FACE_SURFACE('', (#710), #712, .T.);
#712=PLANE('', #9);
#714=POLY_LOOP('', (#24, #89, #88));
#715=FACE_OUTER_BOUND('', #714, .T.);
#716=FACE_SURFACE('', (#715), #717, .T.);
#717=PLANE('', #9);
#719=POLY_LOOP('', (#25, #26, #90));
#720=FACE_OUTER_BOUND('', #719, .T.);
#721=FACE_SURFACE('', (#720), #722, .T.);
#722=PLANE('', #9);
#724=POLY_LOOP('', (#25, #90, #89));
#725=FACE_OUTER_BOUND('', #724, .T.);
#726=FACE_SURFACE('', (#725), #727, .T.);
#727=PLANE('', #9);
#729=POLY_LOOP('', (#26, #27, #91));
#730=FACE_OUTER_BOUND('', #729, .T.);
#731=FACE_SURFACE('', (#730), #732, .T.);
#732=PLANE('', #9);
#734=POLY_LOOP('', (#26, #91, #90));
#735=FACE_OUTER_BOUND('', #734, .T.);
#736=FACE_SURFACE('', (#735), #737, .T.);
#737=PLANE('', #9);
#739=POLY_LOOP('', (#27, #28, #92));
#740=FACE_OUTER_BOUND('', #739, .T.);
#741=FACE_SURFACE('', (#740), #742, .T.);
#742=PLANE('', #9);
#744=POLY_LOOP('', (#27, #92, #91));
#745=FACE_OUTER_BOUND('', #744, .T.);
#746=FACE_SURFACE('', (#745), #747, .T.);
#747=PLANE('', #9);
#749=POLY_LOOP('', (#28, #29, #93));
#750=FACE_OUTER_BOUND('', #749, .T.);
#751=FACE_SURFACE('', (#750), #752, .T.);
#752=PLANE('', #9);
#754=POLY_LOOP('', (#28, #93, #92));
#755=FACE_OUTER_BOUND('', #754, .T.);
#756=FACE_SURFACE('', (#755), #757, .T.);
#757=PLANE('', #9);
#759=POLY_LOOP('', (#29, #30, #94));
#760=FACE_OUTER_BOUND('', #759, .T.);
#761=FACE_SURFACE('', (#760), #762, .T.);
#762=PLANE('', #9);
#764=POLY_LOOP('', (#29, #94, #93));
#765=FACE_OUTER_BOUND('', #764, .T.);
#766=FACE_SURFACE('', (#765), #767, .T.);
#767=PLANE('', #9);
#769=POLY_LOOP('', (#30, #31, #95));
#770=FACE_OUTER_BOUND('', #769, .T.);
#771=FACE_SURFACE('', (#770), #772, .T.);
#772=PLANE('', #9);
#774=POLY_LOOP('', (#30, #95, #94));
#775=FACE_OUTER_BOUND('', #774, .T.);
#776=FACE_SURFACE('', (#775), #777, .T.);
#777=PLANE('', #9);
#779=POLY_LOOP('', (#31, #32, #96));
#780=FACE_OUTER_BOUND('', #779, .T.);
#781=FACE_SURFACE('', (#780), #782, .T.);
#782=PLANE('', #9);
#784=POLY_LOOP('', (#31, #96, #95));
#785=FACE_OUTER_BOUND('', #784, .T.);
#786=FACE_SURFACE('', (#785), #787, .T.);
#787=PLANE('', #9);
#789=POLY_LOOP('', (#32, #33, #97));
#790=FACE_OUTER_BOUND('', #789, .T.);
#791=FACE_SURFACE('', (#790), #792, .T.);
#792=PLANE('', #9);
#794=POLY_LOOP('', (#32, #97, #96));
#795=FACE_OUTER_BOUND('', #794, .T.);
#796=FACE_SURFACE('', (#795), #797, .T.);
#797=PLANE('', #9);
#799=POLY_LOOP('', (#33, #34, #98));
#800=FACE_OUTER_BOUND('', #799, .T.);
#801=FACE_SURFACE('', (#800), #802, .T.);
#802=PLANE('', #9);
#804=POLY_LOOP('', (#33, #98, #97));
#805=FACE_OUTER_BOUND('', #804, .T.);
#806=FACE_SURFACE('', (#805), #807, .T.);
#807=PLANE('', #9);
#809=POLY_LOOP('', (#34, #35, #99));
#810=FACE_OUTER_BOUND('', #809, .T.);
#811=FACE_SURFACE('', (#810), #812, .T.);
#812=PLANE('', #9);
#814=POLY_LOOP('', (#34, #99, #98));
#815=FACE_OUTER_BOUND('', #814, .T.);
#816=FACE_SURFACE('', (#815), #817, .T.);
#817=PLANE('', #9);
#819=POLY_LOOP('', (#35, #36, #100));
#820=FACE_OUTER_BOUND('', #819, .T.);
#821=FACE_SURFACE('', (#820), #822, .T.);
#822=PLANE('', #9);
#824=POLY_LOOP('', (#35, #100, #99));
#825=FACE_OUTER_BOUND('', #824, .T.);
#826=FACE_SURFACE('', (#825), #827, .T.);
#827=PLANE('', #9);
#829=POLY_LOOP('', (#36, #37, #101));
#830=FACE_OUTER_BOUND('', #829, .T.);
#831=FACE_SURFACE('', (#830), #832, .T.);
#832=PLANE('', #9);
#834=POLY_LOOP('', (#36, #101, #100));
#835=FACE_OUTER_BOUND('', #834, .T.);
#836=FACE_SURFACE('', (#835), #837, .T.);
#837=PLANE('', #9);
#839=POLY_LOOP('', (#37, #38, #102));
#840=FACE_OUTER_BOUND('', #839, .T.);
#841=FACE_SURFACE('', (#840), #842, .T.);
#842=PLANE('', #9);
#844=POLY_LOOP('', (#37, #102, #101));
#845=FACE_OUTER_BOUND('', #844, .T.);
#846=FACE_SURFACE('', (#845), #847, .T.);
#847=PLANE('', #9);
#849=POLY_LOOP('', (#38, #39, #103));
#850=FACE_OUTER_BOUND('', #849, .T.);
#851=FACE_SURFACE('', (#850), #852, .T.);
#852=PLANE('', #9);
#854=POLY_LOOP('', (#38, #103, #102));
#855=FACE_OUTER_BOUND('', #854, .T.);
#856=FACE_SURFACE('', (#855), #857, .T.);
#857=PLANE('', #9);
#859=POLY_LOOP('', (#39, #40, #104));
#860=FACE_OUTER_BOUND('', #859, .T.);
#861=FACE_SURFACE('', (#860), #862, .T.);
#862=PLANE('', #9);
#864=POLY_LOOP('', (#39, #104, #103));
#865=FACE_OUTER_BOUND('', #864, .T.);
#866=FACE_SURFACE('', (#865), #867, .T.);
#867=PLANE('', #9);
#869=POLY_LOOP('', (#40, #41, #105));
#870=FACE_OUTER_BOUND('', #869, .T.);
#871=FACE_SURFACE('', (#870), #872, .T.);
#872=PLANE('', #9);
#874=POLY_LOOP('', (#40, #105, #104));
#875=FACE_OUTER_BOUND('', #874, .T.);
#876=FACE_SURFACE('', (#875), #877, .T.);
#877=PLANE('', #9);
#879=POLY_LOOP('', (#41, #42, #106));
#880=FACE_OUTER_BOUND('', #879, .T.);
#881=FACE_SURFACE('', (#880), #882, .T.);
#882=PLANE('', #9);
#884=POLY_LOOP('', (#41, #106, #105));
#885=FACE_OUTER_BOUND('', #884, .T.);
#886=FACE_SURFACE('', (#885), #887, .T.);
#887=PLANE('', #9);
#889=POLY_LOOP('', (#42, #43, #107));
#890=FACE_OUTER_BOUND('', #889, .T.);
#891=FACE_SURFACE('', (#890), #892, .T.);
#892=PLANE('', #9);
#894=POLY_LOOP('', (#42, #107, #106));
#895=FACE_OUTER_BOUND('', #894, .T.);
#896=FACE_SURFACE('', (#895), #897, .T.);
#897=PLANE('', #9);
#899=POLY_LOOP('', (#43, #44, #108));
#900=FACE_OUTER_BOUND('', #899, .T.);
#901=FACE_SURFACE('', (#900), #902, .T.);
#902=PLANE('', #9);
#904=POLY_LOOP('', (#43, #108, #107));
#905=FACE_OUTER_BOUND('', #904, .T.);
#906=FACE_SURFACE('', (#905), #907, .T.);
#907=PLANE('', #9);
#909=POLY_LOOP('', (#44, #45, #109));
#910=FACE_OUTER_BOUND('', #909, .T.);
#911=FACE_SURFACE('', (#910), #912, .T.);
#912=PLANE('', #9);
#914=POLY_LOOP('', (#44, #109, #108));
#915=FACE_OUTER_BOUND('', #914, .T.);
#916=FACE_SURFACE('', (#915), #917, .T.);
#917=PLANE('', #9);
#919=POLY_LOOP('', (#45, #46, #110));
#920=FACE_OUTER_BOUND('', #919, .T.);
#921=FACE_SURFACE('', (#920), #922, .T.);
#922=PLANE('', #9);
#924=POLY_LOOP('', (#45, #110, #109));
#925=FACE_OUTER_BOUND('', #924, .T.);
#926=FACE_SURFACE('', (#925), #927, .T.);
#927=PLANE('', #9);
#929=POLY_LOOP('', (#46, #47, #111));
#930=FACE_OUTER_BOUND('', #929, .T.);
#931=FACE_SURFACE('', (#930), #932, .T.);
#932=PLANE('', #9);
#934=POLY_LOOP('', (#46, #111, #110));
#935=FACE_OUTER_BOUND('', #934, .T.);
#936=FACE_SURFACE('', (#935), #937, .T.);
#937=PLANE('', #9);
#939=POLY_LOOP('', (#47, #48, #112));
#940=FACE_OUTER_BOUND('', #939, .T.);
#941=FACE_SURFACE('', (#940), #942, .T.);
#942=PLANE('', #9);
#944=POLY_LOOP('', (#47, #112, #111));
#945=FACE_OUTER_BOUND('', #944, .T.);
#946=FACE_SURFACE('', (#945), #947, .T.);
#947=PLANE('', #9);
#949=POLY_LOOP('', (#48, #49, #113));
#950=FACE_OUTER_BOUND('', #949, .T.);
#951=FACE_SURFACE('', (#950), #952, .T.);
#952=PLANE('', #9);
#954=POLY_LOOP('', (#48, #113, #112));
#955=FACE_OUTER_BOUND('', #954, .T.);
#956=FACE_SURFACE('', (#955), #957, .T.);
#957=PLANE('', #9);
#959=POLY_LOOP('', (#49, #50, #114));
#960=FACE_OUTER_BOUND('', #959, .T.);
#961=FACE_SURFACE('', (#960), #962, .T.);
#962=PLANE('', #9);
#964=POLY_LOOP('', (#49, #114, #113));
#965=FACE_OUTER_BOUND('', #964, .T.);
#966=FACE_SURFACE('', (#965), #967, .T.);
#967=PLANE('', #9);
#969=POLY_LOOP('', (#50, #51, #115));
#970=FACE_OUTER_BOUND('', #969, .T.);
#971=FACE_SURFACE('', (#970), #972, .T.);
#972=PLANE('', #9);
#974=POLY_LOOP('', (#50, #115, #114));
#975=FACE_OUTER_BOUND('', #974, .T.);
#976=FACE_SURFACE('', (#975), #977, .T.);
#977=PLANE('', #9);
#979=POLY_LOOP('', (#51, #52, #116));
#980=FACE_OUTER_BOUND('', #979, .T.);
#981=FACE_SURFACE('', (#980), #982, .T.);
#982=PLANE('', #9);
#984=POLY_LOOP('', (#51, #116, #115));
#985=FACE_OUTER_BOUND('', #984, .T.);
#986=FACE_SURFACE('', (#985), #987, .T.);
#987=PLANE('', #9);
#989=POLY_LOOP('', (#52, #53, #117));
#990=FACE_OUTER_BOUND('', #989, .T.);
#991=FACE_SURFACE('', (#990), #992, .T.);
#992=PLANE('', #9);
#994=POLY_LOOP('', (#52, #117, #116));
#995=FACE_OUTER_BOUND('', #994, .T.);
#996=FACE_SURFACE('', (#995), #997, .T.);
#997=PLANE('', #9);
#999=POLY_LOOP('', (#53, #54, #118));
#1000=FACE_OUTER_BOUND('', #999, .T.);
#1001=FACE_SURFACE('', (#1000), #1002, .T.);
#1002=PLANE('', #9);
#1004=POLY_LOOP('', (#53, #118, #117));
#1005=FACE_OUTER_BOUND('', #1004, .T.);
#1006=FACE_SURFACE('', (#1005), #1007, .T.);
#1007=PLANE('', #9);
#1009=POLY_LOOP('', (#54, #55, #119));
#1010=FACE_OUTER_BOUND('', #1009, .T.);
#1011=FACE_SURFACE('', (#1010), #1012, .T.);
#1012=PLANE('', #9);
#1014=POLY_LOOP('', (#54, #119, #118));
#1015=FACE_OUTER_BOUND('', #1014, .T.);
#1016=FACE_SURFACE('', (#1015), #1017, .T.);
#1017=PLANE('', #9);
#1019=POLY_LOOP('', (#55, #56, #120));
#1020=FACE_OUTER_BOUND('', #1019, .T.);
#1021=FACE_SURFACE('', (#1020), #1022, .T.);
#1022=PLANE('', #9);
#1024=POLY_LOOP('', (#55, #120, #119));
#1025=FACE_OUTER_BOUND('', #1024, .T.);
#1026=FACE_SURFACE('', (#1025), #1027, .T.);
#1027=PLANE('', #9);
#1029=POLY_LOOP('', (#56, #57, #121));
#1030=FACE_OUTER_BOUND('', #1029, .T.);
#1031=FACE_SURFACE('', (#1030), #1032, .T.);
#1032=PLANE('', #9);
#1034=POLY_LOOP('', (#56, #121, #120));
#1035=FACE_OUTER_BOUND('', #1034, .T.);
#1036=FACE_SURFACE('', (#1035), #1037, .T.);
#1037=PLANE('', #9);
#1039=POLY_LOOP('', (#57, #58, #122));
#1040=FACE_OUTER_BOUND('', #1039, .T.);
#1041=FACE_SURFACE('', (#1040), #1042, .T.);
#1042=PLANE('', #9);
#1044=POLY_LOOP('', (#57, #122, #121));
#1045=FACE_OUTER_BOUND('', #1044, .T.);
#1046=FACE_SURFACE('', (#1045), #1047, .T.);
#1047=PLANE('', #9);
#1049=POLY_LOOP('', (#58, #59, #123));
#1050=FACE_OUTER_BOUND('', #1049, .T.);
#1051=FACE_SURFACE('', (#1050), #1052, .T.);
#1052=PLANE('', #9);
#1054=POLY_LOOP('', (#58, #123, #122));
#1055=FACE_OUTER_BOUND('', #1054, .T.);
#1056=FACE_SURFACE('', (#1055), #1057, .T.);
#1057=PLANE('', #9);
#1059=POLY_LOOP('', (#59, #60, #124));
#1060=FACE_OUTER_BOUND('', #1059, .T.);
#1061=FACE_SURFACE('', (#1060), #1062, .T.);
#1062=PLANE('', #9);
#1064=POLY_LOOP('', (#59, #124, #123));
#1065=FACE_OUTER_BOUND('', #1064, .T.);
#1066=FACE_SURFACE('', (#1065), #1067, .T.);
#1067=PLANE('', #9);
#1069=POLY_LOOP('', (#60, #61, #125));
#1070=FACE_OUTER_BOUND('', #1069, .T.);
#1071=FACE_SURFACE('', (#1070), #1072, .T.);
#1072=PLANE('', #9);
#1074=POLY_LOOP('', (#60, #125, #124));
#1075=FACE_OUTER_BOUND('', #1074, .T.);
#1076=FACE_SURFACE('', (#1075), #1077, .T.);
#1077=PLANE('', #9);
#1079=POLY_LOOP('', (#61, #62, #126));
#1080=FACE_OUTER_BOUND('', #1079, .T.);
#1081=FACE_SURFACE('', (#1080), #1082, .T.);
#1082=PLANE('', #9);
#1084=POLY_LOOP('', (#61, #126, #125));
#1085=FACE_OUTER_BOUND('', #1084, .T.);
#1086=FACE_SURFACE('', (#1085), #1087, .T.);
#1087=PLANE('', #9);
#1089=POLY_LOOP('', (#62, #63, #127));
#1090=FACE_OUTER_BOUND('', #1089, .T.);
#1091=FACE_SURFACE('', (#1090), #1092, .T.);
#1092=PLANE('', #9);
#1094=POLY_LOOP('', (#62, #127, #126));
#1095=FACE_OUTER_BOUND('', #1094, .T.);
#1096=FACE_SURFACE('', (#1095), #1097, .T.);
#1097=PLANE('', #9);
#1099=POLY_LOOP('', (#63, #64, #128));
#1100=FACE_OUTER_BOUND('', #1099, .T.);
#1101=FACE_SURFACE('', (#1100), #1102, .T.);
#1102=PLANE('', #9);
#1104=POLY_LOOP('', (#63, #128, #127));
#1105=FACE_OUTER_BOUND('', #1104, .T.);
#1106=FACE_SURFACE('', (#1105), #1107, .T.);
#1107=PLANE('', #9);
#1109=POLY_LOOP('', (#64, #65, #129));
#1110=FACE_OUTER_BOUND('', #1109, .T.);
#1111=FACE_SURFACE('', (#1110), #1112, .T.);
#1112=PLANE('', #9);
#1114=POLY_LOOP('', (#64, #129, #128));
#1115=FACE_OUTER_BOUND('', #1114, .T.);
#1116=FACE_SURFACE('', (#1115), #1117, .T.);
#1117=PLANE('', #9);
#1119=POLY_LOOP('', (#65, #66, #130));
#1120=FACE_OUTER_BOUND('', #1119, .T.);
#1121=FACE_SURFACE('', (#1120), #1122, .T.);
#1122=PLANE('', #9);
#1124=POLY_LOOP('', (#65, #130, #129));
#1125=FACE_OUTER_BOUND('', #1124, .T.);
#1126=FACE_SURFACE('', (#1125), #1127, .T.);
#1127=PLANE('', #9);
#1129=POLY_LOOP('', (#66, #67, #131));
#1130=FACE_OUTER_BOUND('', #1129, .T.);
#1131=FACE_SURFACE('', (#1130), #1132, .T.);
#1132=PLANE('', #9);
#1134=POLY_LOOP('', (#66, #131, #130));
#1135=FACE_OUTER_BOUND('', #1134, .T.);
#1136=FACE_SURFACE('', (#1135), #1137, .T.);
#1137=PLANE('', #9);
#1139=POLY_LOOP('', (#67, #68, #132));
#1140=FACE_OUTER_BOUND('', #1139, .T.);
#1141=FACE_SURFACE('', (#1140), #1142, .T.);
#1142=PLANE('', #9);
#1144=POLY_LOOP('', (#67, #132, #131));
#1145=FACE_OUTER_BOUND('', #1144, .T.);
#1146=FACE_SURFACE('', (#1145), #1147, .T.);
#1147=PLANE('', #9);
#1149=POLY_LOOP('', (#68, #69, #133));
#1150=FACE_OUTER_BOUND('', #1149, .T.);
#1151=FACE_SURFACE('', (#1150), #1152, .T.);
#1152=PLANE('', #9);
#1154=POLY_LOOP('', (#68, #133, #132));
#1155=FACE_OUTER_BOUND('', #1154, .T.);
#1156=FACE_SURFACE('', (#1155), #1157, .T.);
#1157=PLANE('', #9);
#1159=POLY_LOOP('', (#69, #70, #134));
#1160=FACE_OUTER_BOUND('', #1159, .T.);
#1161=FACE_SURFACE('', (#1160), #1162, .T.);
#1162=PLANE('', #9);
#1164=POLY_LOOP('', (#69, #134, #133));
#1165=FACE_OUTER_BOUND('', #1164, .T.);
#1166=FACE_SURFACE('', (#1165), #1167, .T.);
#1167=PLANE('', #9);
#1169=POLY_LOOP('', (#70, #71, #135));
#1170=FACE_OUTER_BOUND('', #1169, .T.);
#1171=FACE_SURFACE('', (#1170), #1172, .T.);
#1172=PLANE('', #9);
#1174=POLY_LOOP('', (#70, #135, #134));
#1175=FACE_OUTER_BOUND('', #1174, .T.);
#1176=FACE_SURFACE('', (#1175), #1177, .T.);
#1177=PLANE('', #9);
#1179=POLY_LOOP('', (#71, #72, #136));
#1180=FACE_OUTER_BOUND('', #1179, .T.);
#1181=FACE_SURFACE('', (#1180), #1182, .T.);
#1182=PLANE('', #9);
#1184=POLY_LOOP('', (#71, #136, #135));
#1185=FACE_OUTER_BOUND('', #1184, .T.);
#1186=FACE_SURFACE('', (#1185), #1187, .T.);
#1187=PLANE('', #9);
#1189=POLY_LOOP('', (#72, #73, #137));
#1190=FACE_OUTER_BOUND('', #1189, .T.);
#1191=FACE_SURFACE('', (#1190), #1192, .T.);
#1192=PLANE('', #9);
#1194=POLY_LOOP('', (#72, #137, #136));
#1195=FACE_OUTER_BOUND('', #1194, .T.);
#1196=FACE_SURFACE('', (#1195), #1197, .T.);
#1197=PLANE('', #9);
#1199=POLY_LOOP('', (#73, #74, #138));
#1200=FACE_OUTER_BOUND('', #1199, .T.);
#1201=FACE_SURFACE('', (#1200), #1202, .T.);
#1202=PLANE('', #9);
#1204=POLY_LOOP('', (#73, #138, #137));
#1205=FACE_OUTER_BOUND('', #1204, .T.);
#1206=FACE_SURFACE('', (#1205), #1207, .T.);
#1207=PLANE('', #9);
#1209=POLY_LOOP('', (#74, #75, #139));
#1210=FACE_OUTER_BOUND('', #1209, .T.);
#1211=FACE_SURFACE('', (#1210), #1212, .T.);
#1212=PLANE('', #9);
#1214=POLY_LOOP('', (#74, #139, #138));
#1215=FACE_OUTER_BOUND('', #1214, .T.);
#1216=FACE_SURFACE('', (#1215), #1217, .T.);
#1217=PLANE('', #9);
#1219=POLY_LOOP('', (#75, #76, #140));
#1220=FACE_OUTER_BOUND('', #1219, .T.);
#1221=FACE_SURFACE('', (#1220), #1222, .T.);
#1222=PLANE('', #9);
#1224=POLY_LOOP('', (#75, #140, #139));
#1225=FACE_OUTER_BOUND('', #1224, .T.);
#1226=FACE_SURFACE('', (#1225), #1227, .T.);
#1227=PLANE('', #9);
#1229=POLY_LOOP('', (#76, #77, #141));
#1230=FACE_OUTER_BOUND('', #1229, .T.);
#1231=FACE_SURFACE('', (#1230), #1232, .T.);
#1232=PLANE('', #9);
#1234=POLY_LOOP('', (#76, #141, #140));
#1235=FACE_OUTER_BOUND('', #1234, .T.);
#1236=FACE_SURFACE('', (#1235), #1237, .T.);
#1237=PLANE('', #9);
#1239=POLY_LOOP('', (#77, #78, #142));
#1240=FACE_OUTER_BOUND('', #1239, .T.);
#1241=FACE_SURFACE('', (#1240), #1242, .T.);
#1242=PLANE('', #9);
#1244=POLY_LOOP('', (#77, #142, #141));
#1245=FACE_OUTER_BOUND('', #1244, .T.);
#1246=FACE_SURFACE('', (#1245), #1247, .T.);
#1247=PLANE('', #9);
#1249=POLY_LOOP('', (#78, #79, #143));
#1250=FACE_OUTER_BOUND('', #1249, .T.);
#1251=FACE_SURFACE('', (#1250), #1252, .T.);
#1252=PLANE('', #9);
#1254=POLY_LOOP('', (#78, #143, #142));
#1255=FACE_OUTER_BOUND('', #1254, .T.);
#1256=FACE_SURFACE('', (#1255), #1257, .T.);
#1257=PLANE('', #9);
#1259=POLY_LOOP('', (#79, #80, #144));
#1260=FACE_OUTER_BOUND('', #1259, .T.);
#1261=FACE_SURFACE('', (#1260), #1262, .T.);
#1262=PLANE('', #9);
#1264=POLY_LOOP('', (#79, #144, #143));
#1265=FACE_OUTER_BOUND('', #1264, .T.);
#1266=FACE_SURFACE('', (#1265), #1267, .T.);
#1267=PLANE('', #9);
#1269=POLY_LOOP('', (#80, #81, #145));
#1270=FACE_OUTER_BOUND('', #1269, .T.);
#1271=FACE_SURFACE('', (#1270), #1272, .T.);
#1272=PLANE('', #9);
#1274=POLY_LOOP('', (#80, #145, #144));
#1275=FACE_OUTER_BOUND('', #1274, .T.);
#1276=FACE_SURFACE('', (#1275), #1277, .T.);
#1277=PLANE('', #9);
#1279=POLY_LOOP('', (#81, #82, #146));
#1280=FACE_OUTER_BOUND('', #1279, .T.);
#1281=FACE_SURFACE('', (#1280), #1282, .T.);
#1282=PLANE('', #9);
#1284=POLY_LOOP('', (#81, #146, #145));
#1285=FACE_OUTER_BOUND('', #1284, .T.);
#1286=FACE_SURFACE('', (#1285), #1287, .T.);
#1287=PLANE('', #9);
#1289=POLY_LOOP('', (#82, #19, #83));
#1290=FACE_OUTER_BOUND('', #1289, .T.);
#1291=FACE_SURFACE('', (#1290), #1292, .T.);
#1292=PLANE('', #9);
#1294=POLY_LOOP('', (#82, #83, #146));
#1295=FACE_OUTER_BOUND('', #1294, .T.);
#1296=FACE_SURFACE('', (#1295), #1297, .T.);
#1297=PLANE('', #9);
#1299=POLY_LOOP('', (#83, #84, #148));
#1300=FACE_OUTER_BOUND('', #1299, .T.);
#1301=FACE_SURFACE('', (#1300), #1302, .T.);
#1302=PLANE('', #9);
#1304=POLY_LOOP('', (#83, #148, #147));
#1305=FACE_OUTER_BOUND('', #1304, .T.);
#1306=FACE_SURFACE('', (#1305), #1307, .T.);
#1307=PLANE('', #9);
#1309=POLY_LOOP('', (#84, #85, #149));
#1310=FACE_OUTER_BOUND('', #1309, .T.);
#1311=FACE_SURFACE('', (#1310), #1312, .T.);
#1312=PLANE('', #9);
#1314=POLY_LOOP('', (#84, #149, #148));
#1315=FACE_OUTER_BOUND('', #1314, .T.);
#1316=FACE_SURFACE('', (#1315), #1317, .T.);
#1317=PLANE('', #9);
#1319=POLY_LOOP('', (#85, #86, #150));
#1320=FACE_OUTER_BOUND('', #1319, .T.);
#1321=FACE_SURFACE('', (#1320), #1322, .T.);
#1322=PLANE('', #9);
#1324=POLY_LOOP('', (#85, #150, #149));
#1325=FACE_OUTER_BOUND('', #1324, .T.);
#1326=FACE_SURFACE('', (#1325), #1327, .T.);
#1327=PLANE('', #9);
#1329=POLY_LOOP('', (#86, #87, #151));
#1330=FACE_OUTER_BOUND('', #1329, .T.);
#1331=FACE_SURFACE('', (#1330), #1332, .T.);
#1332=PLANE('', #9);
#1334=POLY_LOOP('', (#86, #151, #150));
#1335=FACE_OUTER_BOUND('', #1334, .T.);
#1336=FACE_SURFACE('', (#1335), #1337, .T.);
#1337=PLANE('', #9);
#1339=POLY_LOOP('', (#87, #88, #152));
#1340=FACE_OUTER_BOUND('', #1339, .T.);
#1341=FACE_SURFACE('', (#1340), #1342, .T.);
#1342=PLANE('', #9);
#1344=POLY_LOOP('', (#87, #152, #151));
#1345=FACE_OUTER_BOUND('', #1344, .T.);
#1346=FACE_SURFACE('', (#1345), #1347, .T.);
#1347=PLANE('', #9);
#1349=POLY_LOOP('', (#88, #89, #153));
#1350=FACE_OUTER_BOUND('', #1349, .T.);
#1351=FACE_SURFACE('', (#1350), #1352, .T.);
#1352=PLANE('', #9);
#1354=POLY_LOOP('', (#88, #153, #152));
#1355=FACE_OUTER_BOUND('', #1354, .T.);
#1356=FACE_SURFACE('', (#1355), #1357, .T.);
#1357=PLANE('', #9);
#1359=POLY_LOOP('', (#89, #90, #154));
#1360=FACE_OUTER_BOUND('', #1359, .T.);
#1361=FACE_SURFACE('', (#1360), #1362, .T.);
#1362=PLANE('', #9);
#1364=POLY_LOOP('', (#89, #154, #153));
#1365=FACE_OUTER_BOUND('', #1364, .T.);
#1366=FACE_SURFACE('', (#1365), #1367, .T.);
#1367=PLANE('', #9);
#1369=POLY_LOOP('', (#90, #91, #155));
#1370=FACE_OUTER_BOUND('', #1369, .T.);
#1371=FACE_SURFACE('', (#1370), #1372, .T.);
#1372=PLANE('', #9);
#1374=POLY_LOOP('', (#90, #155, #154));
#1375=FACE_OUTER_BOUND('', #1374, .T.);
#1376=FACE_SURFACE('', (#1375), #1377, .T.);
#1377=PLANE('', #9);
#1379=POLY_LOOP('', (#91, #92, #156));
#1380=FACE_OUTER_BOUND('', #1379, .T.);
#1381=FACE_SURFACE('', (#1380), #1382, .T.);
#1382=PLANE('', #9);
#1384=POLY_LOOP('', (#91, #156, #155));
#1385=FACE_OUTER_BOUND('', #1384, .T.);
#1386=FACE_SURFACE('', (#1385), #1387, .T.);
#1387=PLANE('', #9);
#1389=POLY_LOOP('', (#92, #93, #157));
#1390=FACE_OUTER_BOUND('', #1389, .T.);
#1391=FACE_SURFACE('', (#1390), #1392, .T.);
#1392=PLANE('', #9);
#1394=POLY_LOOP('', (#92, #157, #156));
#1395=FACE_OUTER_BOUND('', #1394, .T.);
#1396=FACE_SURFACE('', (#1395), #1397, .T.);
#1397=PLANE('', #9);
#1399=POLY_LOOP('', (#93, #94, #158));
#1400=FACE_OUTER_BOUND('', #1399, .T.);
#1401=FACE_SURFACE('', (#1400), #1402, .T.);
#1402=PLANE('', #9);
#1404=POLY_LOOP('', (#93, #158, #157));
#1405=FACE_OUTER_BOUND('', #1404, .T.);
#1406=FACE_SURFACE('', (#1405), #1407, .T.);
#1407=PLANE('', #9);
#1409=POLY_LOOP('', (#94, #95, #159));
#1410=FACE_OUTER_BOUND('', #1409, .T.);
#1411=FACE_SURFACE('', (#1410), #1412, .T.);
#1412=PLANE('', #9);
#1414=POLY_LOOP('', (#94, #159, #158));
#1415=FACE_OUTER_BOUND('', #1414, .T.);
#1416=FACE_SURFACE('', (#1415), #1417, .T.);
#1417=PLANE('', #9);
#1419=POLY_LOOP('', (#95, #96, #160));
#1420=FACE_OUTER_BOUND('', #1419, .T.);
#1421=FACE_SURFACE('', (#1420), #1422, .T.);
#1422=PLANE('', #9);
#1424=POLY_LOOP('', (#95, #160, #159));
#1425=FACE_OUTER_BOUND('', #1424, .T.);
#1426=FACE_SURFACE('', (#1425), #1427, .T.);
#1427=PLANE('', #9);
#1429=POLY_LOOP('', (#96, #97, #161));
#1430=FACE_OUTER_BOUND('', #1429, .T.);
#1431=FACE_SURFACE('', (#1430), #1432, .T.);
#1432=PLANE('', #9);
#1434=POLY_LOOP('', (#96, #161, #160));
#1435=FACE_OUTER_BOUND('', #1434, .T.);
#1436=FACE_SURFACE('', (#1435), #1437, .T.);
#1437=PLANE('', #9);
#1439=POLY_LOOP('', (#97, #98, #162));
#1440=FACE_OUTER_BOUND('', #1439, .T.);
#1441=FACE_SURFACE('', (#1440), #1442, .T.);
#1442=PLANE('', #9);
#1444=POLY_LOOP('', (#97, #162, #161));
#1445=FACE_OUTER_BOUND('', #1444, .T.);
#1446=FACE_SURFACE('', (#1445), #1447, .T.);
#1447=PLANE('', #9);
#1449=POLY_LOOP('', (#98, #99, #163));
#1450=FACE_OUTER_BOUND('', #1449, .T.);
#1451=FACE_SURFACE('', (#1450), #1452, .T.);
#1452=PLANE('', #9);
#1454=POLY_LOOP('', (#98, #163, #162));
#1455=FACE_OUTER_BOUND('', #1454, .T.);
#1456=FACE_SURFACE('', (#1455), #1457, .T.);
#1457=PLANE('', #9);
#1459=POLY_LOOP('', (#99, #100, #164));
#1460=FACE_OUTER_BOUND('', #1459, .T.);
#1461=FACE_SURFACE('', (#1460), #1462, .T.);
#1462=PLANE('', #9);
#1464=POLY_LOOP('', (#99, #164, #163));
#1465=FACE_OUTER_BOUND('', #1464, .T.);
#1466=FACE_SURFACE('', (#1465), #1467, .T.);
#1467=PLANE('', #9);
#1469=POLY_LOOP('', (#100, #101, #165));
#1470=FACE_OUTER_BOUND('', #1469, .T.);
#1471=FACE_SURFACE('', (#1470), #1472, .T.);
#1472=PLANE('', #9);
#1474=POLY_LOOP('', (#100, #165, #164));
#1475=FACE_OUTER_BOUND('', #1474, .T.);
#1476=FACE_SURFACE('', (#1475), #1477, .T.);
#1477=PLANE('', #9);
#1479=POLY_LOOP('', (#101, #102, #166));
#1480=FACE_OUTER_BOUND('', #1479, .T.);
#1481=FACE_SURFACE('', (#1480), #1482, .T.);
#1482=PLANE('', #9);
#1484=POLY_LOOP('', (#101, #166, #165));
#1485=FACE_OUTER_BOUND('', #1484, .T.);
#1486=FACE_SURFACE('', (#1485), #1487, .T.);
#1487=PLANE('', #9);
#1489=POLY_LOOP('', (#102, #103, #167));
#1490=FACE_OUTER_BOUND('', #1489, .T.);
#1491=FACE_SURFACE('', (#1490), #1492, .T.);
#1492=PLANE('', #9);
#1494=POLY_LOOP('', (#102, #167, #166));
#1495=FACE_OUTER_BOUND('', #1494, .T.);
#1496=FACE_SURFACE('', (#1495), #1497, .T.);
#1497=PLANE('', #9);
#1499=POLY_LOOP('', (#103, #104, #168));
#1500=FACE_OUTER_BOUND('', #1499, .T.);
#1501=FACE_SURFACE('', (#1500), #1502, .T.);
#1502=PLANE('', #9);
#1504=POLY_LOOP('', (#103, #168, #167));
#1505=FACE_OUTER_BOUND('', #1504, .T.);
#1506=FACE_SURFACE('', (#1505), #1507, .T.);
#1507=PLANE('', #9);
#1509=POLY_LOOP('', (#104, #105, #169));
#1510=FACE_OUTER_BOUND('', #1509, .T.);
#1511=FACE_SURFACE('', (#1510), #1512, .T.);
#1512=PLANE('', #9);
#1514=POLY_LOOP('', (#104, #169, #168));
#1515=FACE_OUTER_BOUND('', #1514, .T.);
#1516=FACE_SURFACE('', (#1515), #1517, .T.);
#1517=PLANE('', #9);
#1519=POLY_LOOP('', (#105, #106, #170));
#1520=FACE_OUTER_BOUND('', #1519, .T.);
#1521=FACE_SURFACE('', (#1520), #1522, .T.);
#1522=PLANE('', #9);
#1524=POLY_LOOP('', (#105, #170, #169));
#1525=FACE_OUTER_BOUND('', #1524, .T.);
#1526=FACE_SURFACE('', (#1525), #1527, .T.);
#1527=PLANE('', #9);
#1529=POLY_LOOP('', (#106, #107, #171));
#1530=FACE_OUTER_BOUND('', #1529, .T.);
#1531=FACE_SURFACE('', (#1530), #1532, .T.);
#1532=PLANE('', #9);
#1534=POLY_LOOP('', (#106, #171, #170));
#1535=FACE_OUTER_BOUND('', #1534, .T.);
#1536=FACE_SURFACE('', (#1535), #1537, .T.);
#1537=PLANE('', #9);
#1539=POLY_LOOP('', (#107, #108, #172));
#1540=FACE_OUTER_BOUND('', #1539, .T.);
#1541=FACE_SURFACE('', (#1540), #1542, .T.);
#1542=PLANE('', #9);
#1544=POLY_LOOP('', (#107, #172, #171));
#1545=FACE_OUTER_BOUND('', #1544, .T.);
#1546=FACE_SURFACE('', (#1545), #1547, .T.);
#1547=PLANE('', #9);
#1549=POLY_LOOP('', (#108, #109, #173));
#1550=FACE_OUTER_BOUND('', #1549, .T.);
#1551=FACE_SURFACE('', (#1550), #1552, .T.);
#1552=PLANE('', #9);
#1554=POLY_LOOP('', (#108, #173, #172));
#1555=FACE_OUTER_BOUND('', #1554, .T.);
#1556=FACE_SURFACE('', (#1555), #1557, .T.);
#1557=PLANE('', #9);
#1559=POLY_LOOP('', (#109, #110, #174));
#1560=FACE_OUTER_BOUND('', #1559, .T.);
#1561=FACE_SURFACE('', (#1560), #1562, .T.);
#1562=PLANE('', #9);
#1564=POLY_LOOP('', (#109, #174, #173));
#1565=FACE_OUTER_BOUND('', #1564, .T.);
#1566=FACE_SURFACE('', (#1565), #1567, .T.);
#1567=PLANE('', #9);
#1569=POLY_LOOP('', (#110, #111, #175));
#1570=FACE_OUTER_BOUND('', #1569, .T.);
#1571=FACE_SURFACE('', (#1570), #1572, .T.);
#1572=PLANE('', #9);
#1574=POLY_LOOP('', (#110, #175, #174));
#1575=FACE_OUTER_BOUND('', #1574, .T.);
#1576=FACE_SURFACE('', (#1575), #1577, .T.);
#1577=PLANE('', #9);
#1579=POLY_LOOP('', (#111, #112, #176));
#1580=FACE_OUTER_BOUND('', #1579, .T.);
#1581=FACE_SURFACE('', (#1580), #1582, .T.);
#1582=PLANE('', #9);
#1584=POLY_LOOP('', (#111, #176, #175));
#1585=FACE_OUTER_BOUND('', #1584, .T.);
#1586=FACE_SURFACE('', (#1585), #1587, .T.);
#1587=PLANE('', #9);
#1589=POLY_LOOP('', (#112, #113, #177));
#1590=FACE_OUTER_BOUND('', #1589, .T.);
#1591=FACE_SURFACE('', (#1590), #1592, .T.);
#1592=PLANE('', #9);
#1594=POLY_LOOP('', (#112, #177, #176));
#1595=FACE_OUTER_BOUND('', #1594, .T.);
#1596=FACE_SURFACE('', (#1595), #1597, .T.);
#1597=PLANE('', #9);
#1599=POLY_LOOP('', (#113, #114, #178));
#1600=FACE_OUTER_BOUND('', #1599, .T.);
#1601=FACE_SURFACE('', (#1600), #1602, .T.);
#1602=PLANE('', #9);
#1604=POLY_LOOP('', (#113, #178, #177));
#1605=FACE_OUTER_BOUND('', #1604, .T.);
#1606=FACE_SURFACE('', (#1605), #1607, .T.);
#1607=PLANE('', #9);
#1609=POLY_LOOP('', (#114, #115, #179));
#1610=FACE_OUTER_BOUND('', #1609, .T.);
#1611=FACE_SURFACE('', (#1610), #1612, .T.);
#1612=PLANE('', #9);
#1614=POLY_LOOP('', (#114, #179, #178));
#1615=FACE_OUTER_BOUND('', #1614, .T.);
#1616=FACE_SURFACE('', (#1615), #1617, .T.);
#1617=PLANE('', #9);
#1619=POLY_LOOP('', (#115, #116, #180));
#1620=FACE_OUTER_BOUND('', #1619, .T.);
#1621=FACE_SURFACE('', (#1620), #1622, .T.);
#1622=PLANE('', #9);
#1624=POLY_LOOP('', (#115, #180, #179));
#1625=FACE_OUTER_BOUND('', #1624, .T.);
#1626=FACE_SURFACE('', (#1625), #1627, .T.);
#1627=PLANE('', #9);
#1629=POLY_LOOP('', (#116, #117, #181));
#1630=FACE_OUTER_BOUND('', #1629, .T.);
#1631=FACE_SURFACE('', (#1630), #1632, .T.);
#1632=PLANE('', #9);
#1634=POLY_LOOP('', (#116, #181, #180));
#1635=FACE_OUTER_BOUND('', #1634, .T.);
#1636=FACE_SURFACE('', (#1635), #1637, .T.);
#1637=PLANE('', #9);
#1639=POLY_LOOP('', (#117, #118, #182));
#1640=FACE_OUTER_BOUND('', #1639, .T.);
#1641=FACE_SURFACE('', (#1640), #1642, .T.);
#1642=PLANE('', #9);
#1644=POLY_LOOP('', (#117, #182, #181));
#1645=FACE_OUTER_BOUND('', #1644, .T.);
#1646=FACE_SURFACE('', (#1645), #1647, .T.);
#1647=PLANE('', #9);
#1649=POLY_LOOP('', (#118, #119, #183));
#1650=FACE_OUTER_BOUND('', #1649, .T.);
#1651=FACE_SURFACE('', (#1650), #1652, .T.);
#1652=PLANE('', #9);
#1654=POLY_LOOP('', (#118, #183, #182));
#1655=FACE_OUTER_BOUND('', #1654, .T.);
#1656=FACE_SURFACE('', (#1655), #1657, .T.);
#1657=PLANE('', #9);
#1659=POLY_LOOP('', (#119, #120, #184));
#1660=FACE_OUTER_BOUND('', #1659, .T.);
#1661=FACE_SURFACE('', (#1660), #1662, .T.);
#1662=PLANE('', #9);
#1664=POLY_LOOP('', (#119, #184, #183));
#1665=FACE_OUTER_BOUND('', #1664, .T.);
#1666=FACE_SURFACE('', (#1665), #1667, .T.);
#1667=PLANE('', #9);
#1669=POLY_LOOP('', (#120, #121, #185));
#1670=FACE_OUTER_BOUND('', #1669, .T.);
#1671=FACE_SURFACE('', (#1670), #1672, .T.);
#1672=PLANE('', #9);
#1674=POLY_LOOP('', (#120, #185, #184));
#1675=FACE_OUTER_BOUND('', #1674, .T.);
#1676=FACE_SURFACE('', (#1675), #1677, .T.);
#1677=PLANE('', #9);
#1679=POLY_LOOP('', (#121, #122, #186));
#1680=FACE_OUTER_BOUND('', #1679, .T.);
#1681=FACE_SURFACE('', (#1680), #1682, .T.);
#1682=PLANE('', #9);
#1684=POLY_LOOP('', (#121, #186, #185));
#1685=FACE_OUTER_BOUND('', #1684, .T.);
#1686=FACE_SURFACE('', (#1685), #1687, .T.);
#1687=PLANE('', #9);
#1689=POLY_LOOP('', (#122, #123, #187));
#1690=FACE_OUTER_BOUND('', #1689, .T.);
#1691=FACE_SURFACE('', (#1690), #1692, .T.);
#1692=PLANE('', #9);
#1694=POLY_LOOP('', (#122, #187, #186));
#1695=FACE_OUTER_BOUND('', #1694, .T.);
#1696=FACE_SURFACE('', (#1695), #1697, .T.);
#1697=PLANE('', #9);
#1699=POLY_LOOP('', (#123, #124, #188));
#1700=FACE_OUTER_BOUND('', #1699, .T.);
#1701=FACE_SURFACE('', (#1700), #1702, .T.);
#1702=PLANE('', #9);
#1704=POLY_LOOP('', (#123, #188, #187));
#1705=FACE_OUTER_BOUND('', #1704, .T.);
#1706=FACE_SURFACE('', (#1705), #1707, .T.);
#1707=PLANE('', #9);
#1709=POLY_LOOP('', (#124, #125, #189));
#1710=FACE_OUTER_BOUND('', #1709, .T.);
#1711=FACE_SURFACE('', (#1710), #1712, .T.);
#1712=PLANE('', #9);
#1714=POLY_LOOP('', (#124, #189, #188));
#1715=FACE_OUTER_BOUND('', #1714, .T.);
#1716=FACE_SURFACE('', (#1715), #1717, .T.);
#1717=PLANE('', #9);
#1719=POLY_LOOP('', (#125, #126, #190));
#1720=FACE_OUTER_BOUND('', #1719, .T.);
#1721=FACE_SURFACE('', (#1720), #1722, .T.);
#1722=PLANE('', #9);
#1724=POLY_LOOP('', (#125, #190, #189));
#1725=FACE_OUTER_BOUND('', #1724, .T.);
#1726=FACE_SURFACE('', (#1725), #1727, .T.);
#1727=PLANE('', #9);
#1729=POLY_LOOP('', (#126, #127, #191));
#1730=FACE_OUTER_BOUND('', #1729, .T.);
#1731=FACE_SURFACE('', (#1730), #1732, .T.);
#1732=PLANE('', #9);
#1734=POLY_LOOP('', (#126, #191, #190));
#1735=FACE_OUTER_BOUND('', #1734, .T.);
#1736=FACE_SURFACE('', (#1735), #1737, .T.);
#1737=PLANE('', #9);
#1739=POLY_LOOP('', (#127, #128, #192));
#1740=FACE_OUTER_BOUND('', #1739, .T.);
#1741=FACE_SURFACE('', (#1740), #1742, .T.);
#1742=PLANE('', #9);
#1744=POLY_LOOP('', (#127, #192, #191));
#1745=FACE_OUTER_BOUND('', #1744, .T.);
#1746=FACE_SURFACE('', (#1745), #1747, .T.);
#1747=PLANE('', #9);
#1749=POLY_LOOP('', (#128, #129, #193));
#1750=FACE_OUTER_BOUND('', #1749, .T.);
#1751=FACE_SURFACE('', (#1750), #1752, .T.);
#1752=PLANE('', #9);
#1754=POLY_LOOP('', (#128, #193, #192));
#1755=FACE_OUTER_BOUND('', #1754, .T.);
#1756=FACE_SURFACE('', (#1755), #1757, .T.);
#1757=PLANE('', #9);
#1759=POLY_LOOP('', (#129, #130, #194));
#1760=FACE_OUTER_BOUND('', #1759, .T.);
#1761=FACE_SURFACE('', (#1760), #1762, .T.);
#1762=PLANE('', #9);
#1764=POLY_LOOP('', (#129, #194, #193));
#1765=FACE_OUTER_BOUND('', #1764, .T.);
#1766=FACE_SURFACE('', (#1765), #1767, .T.);
#1767=PLANE('', #9);
#1769=POLY_LOOP('', (#130, #131, #195));
#1770=FACE_OUTER_BOUND('', #1769, .T.);
#1771=FACE_SURFACE('', (#1770), #1772, .T.);
#1772=PLANE('', #9);
#1774=POLY_LOOP('', (#130, #195, #194));
#1775=FACE_OUTER_BOUND('', #1774, .T.);
#1776=FACE_SURFACE('', (#1775), #1777, .T.);
#1777=PLANE('', #9);
#1779=POLY_LOOP('', (#131, #132, #196));
#1780=FACE_OUTER_BOUND('', #1779, .T.);
#1781=FACE_SURFACE('', (#1780), #1782, .T.);
#1782=PLANE('', #9);
#1784=POLY_LOOP('', (#131, #196, #195));
#1785=FACE_OUTER_BOUND('', #1784, .T.);
#1786=FACE_SURFACE('', (#1785), #1787, .T.);
#1787=PLANE('', #9);
#1789=POLY_LOOP('', (#132, #133, #197));
#1790=FACE_OUTER_BOUND('', #1789, .T.);
#1791=FACE_SURFACE('', (#1790), #1792, .T.);
#1792=PLANE('', #9);
#1794=POLY_LOOP('', (#132, #197, #196));
#1795=FACE_OUTER_BOUND('', #1794, .T.);
#1796=FACE_SURFACE('', (#1795), #1797, .T.);
#1797=PLANE('', #9);
#1799=POLY_LOOP('', (#133, #134, #198));
#1800=FACE_OUTER_BOUND('', #1799, .T.);
#1801=FACE_SURFACE('', (#1800), #1802, .T.);
#1802=PLANE('', #9);
#1804=POLY_LOOP('', (#133, #198, #197));
#1805=FACE_OUTER_BOUND('', #1804, .T.);
#1806=FACE_SURFACE('', (#1805), #1807, .T.);
#1807=PLANE('', #9);
#1809=POLY_LOOP('', (#134, #135, #199));
#1810=FACE_OUTER_BOUND('', #1809, .T.);
#1811=FACE_SURFACE('', (#1810), #1812, .T.);
#1812=PLANE('', #9);
#1814=POLY_LOOP('', (#134, #199, #198));
#1815=FACE_OUTER_BOUND('', #1814, .T.);
#1816=FACE_SURFACE('', (#1815), #1817, .T.);
#1817=PLANE('', #9);
#1819=POLY_LOOP('', (#135, #136, #200));
#1820=FACE_OUTER_BOUND('', #1819, .T.);
#1821=FACE_SURFACE('', (#1820), #1822, .T.);
#1822=PLANE('', #9);
#1824=POLY_LOOP('', (#135, #200, #199));
#1825=FACE_OUTER_BOUND('', #1824, .T.);
#1826=FACE_SURFACE('', (#1825), #1827, .T.);
#1827=PLANE('', #9);
#1829=POLY_LOOP('', (#136, #137, #201));
#1830=FACE_OUTER_BOUND('', #1829, .T.);
#1831=FACE_SURFACE('', (#1830), #1832, .T.);
#1832=PLANE('', #9);
#1834=POLY_LOOP('', (#136, #201, #200));
#1835=FACE_OUTER_BOUND('', #1834, .T.);
#1836=FACE_SURFACE('', (#1835), #1837, .T.);
#1837=PLANE('', #9);
#1839=POLY_LOOP('', (#137, #138, #202));
#1840=FACE_OUTER_BOUND('', #1839, .T.);
#1841=FACE_SURFACE('', (#1840), #1842, .T.);
#1842=PLANE('', #9);
#1844=POLY_LOOP('', (#137, #202, #201));
#1845=FACE_OUTER_BOUND('', #1844, .T.);
#1846=FACE_SURFACE('', (#1845), #1847, .T.);
#1847=PLANE('', #9);
#1849=POLY_LOOP('', (#138, #139, #203));
#1850=FACE_OUTER_BOUND('', #1849, .T.);
#1851=FACE_SURFACE('', (#1850), #1852, .T.);
#1852=PLANE('', #9);
#1854=POLY_LOOP('', (#138, #203, #202));
#1855=FACE_OUTER_BOUND('', #1854, .T.);
#1856=FACE_SURFACE('', (#1855), #1857, .T.);
#1857=PLANE('', #9);
#1859=POLY_LOOP('', (#139, #140, #204));
#1860=FACE_OUTER_BOUND('', #1859, .T.);
#1861=FACE_SURFACE('', (#1860), #1862, .T.);
#1862=PLANE('', #9);
#1864=POLY_LOOP('', (#139, #204, #203));
#1865=FACE_OUTER_BOUND('', #1864, .T.);
#1866=FACE_SURFACE('', (#1865), #1867, .T.);
#1867=PLANE('', #9);
#1869=POLY_LOOP('', (#140, #141, #205));
#1870=FACE_OUTER_BOUND('', #1869, .T.);
#1871=FACE_SURFACE('', (#1870), #1872, .T.);
#1872=PLANE('', #9);
#1874=POLY_LOOP('', (#140, #205, #204));
#1875=FACE_OUTER_BOUND('', #1874, .T.);
#1876=FACE_SURFACE('', (#1875), #1877, .T.);
#1877=PLANE('', #9);
#1879=POLY_LOOP('', (#141, #142, #206));
#1880=FACE_OUTER_BOUND('', #1879, .T.);
#1881=FACE_SURFACE('', (#1880), #1882, .T.);
#1882=PLANE('', #9);
#1884=POLY_LOOP('', (#141, #206, #205));
#1885=FACE_OUTER_BOUND('', #1884, .T.);
#1886=FACE_SURFACE('', (#1885), #1887, .T.);
#1887=PLANE('', #9);
#1889=POLY_LOOP('', (#142, #143, #207));
#1890=FACE_OUTER_BOUND('', #1889, .T.);
#1891=FACE_SURFACE('', (#1890), #1892, .T.);
#1892=PLANE('', #9);
#1894=POLY_LOOP('', (#142, #207, #206));
#1895=FACE_OUTER_BOUND('', #1894, .T.);
#1896=FACE_SURFACE('', (#1895), #1897, .T.);
#1897=PLANE('', #9);
#1899=POLY_LOOP('', (#143, #144, #208));
#1900=FACE_OUTER_BOUND('', #1899, .T.);
#1901=FACE_SURFACE('', (#1900), #1902, .T.);
#1902=PLANE('', #9);
#1904=POLY_LOOP('', (#143, #208, #207));
#1905=FACE_OUTER_BOUND('', #1904, .T.);
#1906=FACE_SURFACE('', (#1905), #1907, .T.);
#1907=PLANE('', #9);
#1909=POLY_LOOP('', (#144, #145, #209));
#1910=FACE_OUTER_BOUND('', #1909, .T.);
#1911=FACE_SURFACE('', (#1910), #1912, .T.);
#1912=PLANE('', #9);
#1914=POLY_LOOP('', (#144, #209, #208));
#1915=FACE_OUTER_BOUND('', #1914, .T.);
#1916=FACE_SURFACE('', (#1915), #1917, .T.);
#1917=PLANE('', #9);
#1919=POLY_LOOP('', (#145, #146, #210));
#1920=FACE_OUTER_BOUND('', #1919, .T.);
#1921=FACE_SURFACE('', (#1920), #1922, .T.);
#1922=PLANE('', #9);
#1924=POLY_LOOP('', (#145, #210, #209));
#1925=FACE_OUTER_BOUND('', #1924, .T.);
#1926=FACE_SURFACE('', (#1925), #1927, .T.);
#1927=PLANE('', #9);
#1929=POLY_LOOP('', (#146, #83, #147));
#1930=FACE_OUTER_BOUND('', #1929, .T.);
#1931=FACE_SURFACE('', (#1930), #1932, .T.);
#1932=PLANE('', #9);
#1934=POLY_LOOP('', (#146, #147, #210));
#1935=FACE_OUTER_BOUND('', #1934, .T.);
#1936=FACE_SURFACE('', (#1935), #1937, .T.);
#1937=PLANE('', #9);
#1939=POLY_LOOP('', (#147, #148, #212));
#1940=FACE_OUTER_BOUND('', #1939, .T.);
#1941=FACE_SURFACE('', (#1940), #1942, .T.);
#1942=PLANE('', #9);
#1944=POLY_LOOP('', (#147, #212, #211));
#1945=FACE_OUTER_BOUND('', #1944, .T.);
#1946=FACE_SURFACE('', (#1945), #1947, .T.);
#1947=PLANE('', #9);
#1949=POLY_LOOP('', (#148, #149, #213));
#1950=FACE_OUTER_BOUND('', #1949, .T.);
#1951=FACE_SURFACE('', (#1950), #1952, .T.);
#1952=PLANE('', #9);
#1954=POLY_LOOP('', (#148, #213, #212));
#1955=FACE_OUTER_BOUND('', #1954, .T.);
#1956=FACE_SURFACE('', (#1955), #1957, .T.);
#1957=PLANE('', #9);
#1959=POLY_LOOP('', (#149, #150, #214));
#1960=FACE_OUTER_BOUND('', #1959, .T.);
#1961=FACE_SURFACE('', (#1960), #1962, .T.);
#1962=PLANE('', #9);
#1964=POLY_LOOP('', (#149, #214, #213));
#1965=FACE_OUTER_BOUND('', #1964, .T.);
#1966=FACE_SURFACE('', (#1965), #1967, .T.);
#1967=PLANE('', #9);
#1969=POLY_LOOP('', (#150, #151, #215));
#1970=FACE_OUTER_BOUND('', #1969, .T.);
#1971=FACE_SURFACE('', (#1970), #1972, .T.);
#1972=PLANE('', #9);
#1974=POLY_LOOP('', (#150, #215, #214));
#1975=FACE_OUTER_BOUND('', #1974, .T.);
#1976=FACE_SURFACE('', (#1975), #1977, .T.);
#1977=PLANE('', #9);
#1979=POLY_LOOP('', (#151, #152, #216));
#1980=FACE_OUTER_BOUND('', #1979, .T.);
#1981=FACE_SURFACE('', (#1980), #1982, .T.);
#1982=PLANE('', #9);
#1984=POLY_LOOP('', (#151, #216, #215));
#1985=FACE_OUTER_BOUND('', #1984, .T.);
#1986=FACE_SURFACE('', (#1985), #1987, .T.);
#1987=PLANE('', #9);
#1989=POLY_LOOP('', (#152, #153, #217));
#1990=FACE_OUTER_BOUND('', #1989, .T.);
#1991=FACE_SURFACE('', (#1990), #1992, .T.);
#1992=PLANE('', #9);
#1994=POLY_LOOP('', (#152, #217, #216));
#1995=FACE_OUTER_BOUND('', #1994, .T.);
#1996=FACE_SURFACE('', (#1995), #1997, .T.);
#1997=PLANE('', #9);
#1999=POLY_LOOP('', (#153, #154, #218));
#2000=FACE_OUTER_BOUND('', #1999, .T.);
#2001=FACE_SURFACE('', (#2000), #2002, .T.);
#2002=PLANE('', #9);
#2004=POLY_LOOP('', (#153, #218, #217));
#2005=FACE_OUTER_BOUND('', #2004, .T.);
#2006=FACE_SURFACE('', (#2005), #2007, .T.);
#2007=PLANE('', #9);
#2009=POLY_LOOP('', (#154, #155, #219));
#2010=FACE_OUTER_BOUND('', #2009, .T.);
#2011=FACE_SURFACE('', (#2010), #2012, .T.);
#2012=PLANE('', #9);
#2014=POLY_LOOP('', (#154, #219, #218));
#2015=FACE_OUTER_BOUND('', #2014, .T.);
#2016=FACE_SURFACE('', (#2015), #2017, .T.);
#2017=PLANE('', #9);
#2019=POLY_LOOP('', (#155, #156, #220));
#2020=FACE_OUTER_BOUND('', #2019, .T.);
#2021=FACE_SURFACE('', (#2020), #2022, .T.);
#2022=PLANE('', #9);
#2024=POLY_LOOP('', (#155, #220, #219));
#2025=FACE_OUTER_BOUND('', #2024, .T.);
#2026=FACE_SURFACE('', (#2025), #2027, .T.);
#2027=PLANE('', #9);
#2029=POLY_LOOP('', (#156, #157, #221));
#2030=FACE_OUTER_BOUND('', #2029, .T.);
#2031=FACE_SURFACE('', (#2030), #2032, .T.);
#2032=PLANE('', #9);
#2034=POLY_LOOP('', (#156, #221, #220));
#2035=FACE_OUTER_BOUND('', #2034, .T.);
#2036=FACE_SURFACE('', (#2035), #2037, .T.);
#2037=PLANE('', #9);
#2039=POLY_LOOP('', (#157, #158, #222));
#2040=FACE_OUTER_BOUND('', #2039, .T.);
#2041=FACE_SURFACE('', (#2040), #2042, .T.);
#2042=PLANE('', #9);
#2044=POLY_LOOP('', (#157, #222, #221));
#2045=FACE_OUTER_BOUND('', #2044, .T.);
#2046=FACE_SURFACE('', (#2045), #2047, .T.);
#2047=PLANE('', #9);
#2049=POLY_LOOP('', (#158, #159, #223));
#2050=FACE_OUTER_BOUND('', #2049, .T.);
#2051=FACE_SURFACE('', (#2050), #2052, .T.);
#2052=PLANE('', #9);
#2054=POLY_LOOP('', (#158, #223, #222));
#2055=FACE_OUTER_BOUND('', #2054, .T.);
#2056=FACE_SURFACE('', (#2055), #2057, .T.);
#2057=PLANE('', #9);
#2059=POLY_LOOP('', (#159, #160, #224));
#2060=FACE_OUTER_BOUND('', #2059, .T.);
#2061=FACE_SURFACE('', (#2060), #2062, .T.);
#2062=PLANE('', #9);
#2064=POLY_LOOP('', (#159, #224, #223));
#2065=FACE_OUTER_BOUND('', #2064, .T.);
#2066=FACE_SURFACE('', (#2065), #2067, .T.);
#2067=PLANE('', #9);
#2069=POLY_LOOP('', (#160, #161, #225));
#2070=FACE_OUTER_BOUND('', #2069, .T.);
#2071=FACE_SURFACE('', (#2070), #2072, .T.);
#2072=PLANE('', #9);
#2074=POLY_LOOP('', (#160, #225, #224));
#2075=FACE_OUTER_BOUND('', #2074, .T.);
#2076=FACE_SURFACE('', (#2075), #2077, .T.);
#2077=PLANE('', #9);
#2079=POLY_LOOP('', (#161, #162, #226));
#2080=FACE_OUTER_BOUND('', #2079, .T.);
#2081=FACE_SURFACE('', (#2080), #2082, .T.);
#2082=PLANE('', #9);
#2084=POLY_LOOP('', (#161, #226, #225));
#2085=FACE_OUTER_BOUND('', #2084, .T.);
#2086=FACE_SURFACE('', (#2085), #2087, .T.);
#2087=PLANE('', #9);
#2089=POLY_LOOP('', (#162, #163, #227));
#2090=FACE_OUTER_BOUND('', #2089, .T.);
#2091=FACE_SURFACE('', (#2090), #2092, .T.);
#2092=PLANE('', #9);
#2094=POLY_LOOP('', (#162, #227, #226));
#2095=FACE_OUTER_BOUND('', #2094, .T.);
#2096=FACE_SURFACE('', (#2095), #2097, .T.);
#2097=PLANE('', #9);
#2099=POLY_LOOP('', (#163, #164, #228));
#2100=FACE_OUTER_BOUND('', #2099, .T.);
#2101=FACE_SURFACE('', (#2100), #2102, .T.);
#2102=PLANE('', #9);
#2104=POLY_LOOP('', (#163, #228, #227));
#2105=FACE_OUTER_BOUND('', #2104, .T.);
#2106=FACE_SURFACE('', (#2105), #2107, .T.);
#2107=PLANE('', #9);
#2109=POLY_LOOP('', (#164, #165, #229));
#2110=FACE_OUTER_BOUND('', #2109, .T.);
#2111=FACE_SURFACE('', (#2110), #2112, .T.);
#2112=PLANE('', #9);
#2114=POLY_LOOP('', (#164, #229, #228));
#2115=FACE_OUTER_BOUND('', #2114, .T.);
#2116=FACE_SURFACE('', (#2115), #2117, .T.);
#2117=PLANE('', #9);
#2119=POLY_LOOP('', (#165, #166, #230));
#2120=FACE_OUTER_BOUND('', #2119, .T.);
#2121=FACE_SURFACE('', (#2120), #2122, .T.);
#2122=PLANE('', #9);
#2124=POLY_LOOP('', (#165, #230, #229));
#2125=FACE_OUTER_BOUND('', #2124, .T.);
#2126=FACE_SURFACE('', (#2125), #2127, .T.);
#2127=PLANE('', #9);
#2129=POLY_LOOP('', (#166, #167, #231));
#2130=FACE_OUTER_BOUND('', #2129, .T.);
#2131=FACE_SURFACE('', (#2130), #2132, .T.);
#2132=PLANE('', #9);
#2134=POLY_LOOP('', (#166, #231, #230));
#2135=FACE_OUTER_BOUND('', #2134, .T.);
#2136=FACE_SURFACE('', (#2135), #2137, .T.);
#2137=PLANE('', #9);
#2139=POLY_LOOP('', (#167, #168, #232));
#2140=FACE_OUTER_BOUND('', #2139, .T.);
#2141=FACE_SURFACE('', (#2140), #2142, .T.);
#2142=PLANE('', #9);
#2144=POLY_LOOP('', (#167, #232, #231));
#2145=FACE_OUTER_BOUND('', #2144, .T.);
#2146=FACE_SURFACE('', (#2145), #2147, .T.);
#2147=PLANE('', #9);
#2149=POLY_LOOP('', (#168, #169, #233));
#2150=FACE_OUTER_BOUND('', #2149, .T.);
#2151=FACE_SURFACE('', (#2150), #2152, .T.);
#2152=PLANE('', #9);
#2154=POLY_LOOP('', (#168, #233, #232));
#2155=FACE_OUTER_BOUND('', #2154, .T.);
#2156=FACE_SURFACE('', (#2155), #2157, .T.);
#2157=PLANE('', #9);
#2159=POLY_LOOP('', (#169, #170, #234));
#2160=FACE_OUTER_BOUND('', #2159, .T.);
#2161=FACE_SURFACE('', (#2160), #2162, .T.);
#2162=PLANE('', #9);
#2164=POLY_LOOP('', (#169, #234, #233));
#2165=FACE_OUTER_BOUND('', #2164, .T.);
#2166=FACE_SURFACE('', (#2165), #2167, .T.);
#2167=PLANE('', #9);
#2169=POLY_LOOP('', (#170, #171, #235));
#2170=FACE_OUTER_BOUND('', #2169, .T.);
#2171=FACE_SURFACE('', (#2170), #2172, .T.);
#2172=PLANE('', #9);
#2174=POLY_LOOP('', (#170, #235, #234));
#2175=FACE_OUTER_BOUND('', #2174, .T.);
#2176=FACE_SURFACE('', (#2175), #2177, .T.);
#2177=PLANE('', #9);
#2179=POLY_LOOP('', (#171, #172, #236));
#2180=FACE_OUTER_BOUND('', #2179, .T.);
#2181=FACE_SURFACE('', (#2180), #2182, .T.);
#2182=PLANE('', #9);
#2184=POLY_LOOP('', (#171, #236, #235));
#2185=FACE_OUTER_BOUND('', #2184, .T.);
#2186=FACE_SURFACE('', (#2185), #2187, .T.);
#2187=PLANE('', #9);
#2189=POLY_LOOP('', (#172, #173, #237));
#2190=FACE_OUTER_BOUND('', #2189, .T.);
#2191=FACE_SURFACE('', (#2190), #2192, .T.);
#2192=PLANE('', #9);
#2194=POLY_LOOP('', (#172, #237, #236));
#2195=FACE_OUTER_BOUND('', #2194, .T.);
#2196=FACE_SURFACE('', (#2195), #2197, .T.);
#2197=PLANE('', #9);
#2199=POLY_LOOP('', (#173, #174, #238));
#2200=FACE_OUTER_BOUND('', #2199, .T.);
#2201=FACE_SURFACE('', (#2200), #2202, .T.);
#2202=PLANE('', #9);
#2204=POLY_LOOP('', (#173, #238, #237));
#2205=FACE_OUTER_BOUND('', #2204, .T.);
#2206=FACE_SURFACE('', (#2205), #2207, .T.);
#2207=PLANE('', #9);
#2209=POLY_LOOP('', (#174, #175, #239));
#2210=FACE_OUTER_BOUND('', #2209, .T.);
#2211=FACE_SURFACE('', (#2210), #2212, .T.);
#2212=PLANE('', #9);
#2214=POLY_LOOP('', (#174, #239, #238));
#2215=FACE_OUTER_BOUND('', #2214, .T.);
#2216=FACE_SURFACE('', (#2215), #2217, .T.);
#2217=PLANE('', #9);
#2219=POLY_LOOP('', (#175, #176, #240));
#2220=FACE_OUTER_BOUND('', #2219, .T.);
#2221=FACE_SURFACE('', (#2220), #2222, .T.);
#2222=PLANE('', #9);
#2224=POLY_LOOP('', (#175, #240, #239));
#2225=FACE_OUTER_BOUND('', #2224, .T.);
#2226=FACE_SURFACE('', (#2225), #2227, .T.);
#2227=PLANE('', #9);
#2229=POLY_LOOP('', (#176, #177, #241));
#2230=FACE_OUTER_BOUND('', #2229, .T.);
#2231=FACE_SURFACE('', (#2230), #2232, .T.);
#2232=PLANE('', #9);
#2234=POLY_LOOP('', (#176, #241, #240));
#2235=FACE_OUTER_BOUND('', #2234, .T.);
#2236=FACE_SURFACE('', (#2235), #2237, .T.);
#2237=PLANE('', #9);
#2239=POLY_LOOP('', (#177, #178, #242));
#2240=FACE_OUTER_BOUND('', #2239, .T.);
#2241=FACE_SURFACE('', (#2240), #2242, .T.);
#2242=PLANE('', #9);
#2244=POLY_LOOP('', (#177, #242, #241));
#2245=FACE_OUTER_BOUND('', #2244, .T.);
#2246=FACE_SURFACE('', (#2245), #2247, .T.);
#2247=PLANE('', #9);
#2249=POLY_LOOP('', (#178, #179, #243));
#2250=FACE_OUTER_BOUND('', #2249, .T.);
#2251=FACE_SURFACE('', (#2250), #2252, .T.);
#2252=PLANE('', #9);
#2254=POLY_LOOP('', (#178, #243, #242));
#2255=FACE_OUTER_BOUND('', #2254, .T.);
#2256=FACE_SURFACE('', (#2255), #2257, .T.);
#2257=PLANE('', #9);
#2259=POLY_LOOP('', (#179, #180, #244));
#2260=FACE_OUTER_BOUND('', #2259, .T.);
#2261=FACE_SURFACE('', (#2260), #2262, .T.);
#2262=PLANE('', #9);
#2264=POLY_LOOP('', (#179, #244, #243));
#2265=FACE_OUTER_BOUND('', #2264, .T.);
#2266=FACE_SURFACE('', (#2265), #2267, .T.);
#2267=PLANE('', #9);
#2269=POLY_LOOP('', (#180, #181, #245));
#2270=FACE_OUTER_BOUND('', #2269, .T.);
#2271=FACE_SURFACE('', (#2270), #2272, .T.);
#2272=PLANE('', #9);
#2274=POLY_LOOP('', (#180, #245, #244));
#2275=FACE_OUTER_BOUND('', #2274, .T.);
#2276=FACE_SURFACE('', (#2275), #2277, .T.);
#2277=PLANE('', #9);
#2279=POLY_LOOP('', (#181, #182, #246));
#2280=FACE_OUTER_BOUND('', #2279, .T.);
#2281=FACE_SURFACE('', (#2280), #2282, .T.);
#2282=PLANE('', #9);
#2284=POLY_LOOP('', (#181, #246, #245));
#2285=FACE_OUTER_BOUND('', #2284, .T.);
#2286=FACE_SURFACE('', (#2285), #2287, .T.);
#2287=PLANE('', #9);
#2289=POLY_LOOP('', (#182, #183, #247));
#2290=FACE_OUTER_BOUND('', #2289, .T.);
#2291=FACE_SURFACE('', (#2290), #2292, .T.);
#2292=PLANE('', #9);
#2294=POLY_LOOP('', (#182, #247, #246));
#2295=FACE_OUTER_BOUND('', #2294, .T.);
#2296=FACE_SURFACE('', (#2295), #2297, .T.);
#2297=PLANE('', #9);
#2299=POLY_LOOP('', (#183, #184, #248));
#2300=FACE_OUTER_BOUND('', #2299, .T.);
#2301=FACE_SURFACE('', (#2300), #2302, .T.);
#2302=PLANE('', #9);
#2304=POLY_LOOP('', (#183, #248, #247));
#2305=FACE_OUTER_BOUND('', #2304, .T.);
#2306=FACE_SURFACE('', (#2305), #2307, .T.);
#2307=PLANE('', #9);
#2309=POLY_LOOP('', (#184, #185, #249));
#2310=FACE_OUTER_BOUND('', #2309, .T.);
#2311=FACE_SURFACE('', (#2310), #2312, .T.);
#2312=PLANE('', #9);
#2314=POLY_LOOP('', (#184, #249, #248));
#2315=FACE_OUTER_BOUND('', #2314, .T.);
#2316=FACE_SURFACE('', (#2315), #2317, .T.);
#2317=PLANE('', #9);
#2319=POLY_LOOP('', (#185, #186, #250));
#2320=FACE_OUTER_BOUND('', #2319, .T.);
#2321=FACE_SURFACE('', (#2320), #2322, .T.);
#2322=PLANE('', #9);
#2324=POLY_LOOP('', (#185, #250, #249));
#2325=FACE_OUTER_BOUND('', #2324, .T.);
#2326=FACE_SURFACE('', (#2325), #2327, .T.);
#2327=PLANE('', #9);
#2329=POLY_LOOP('', (#186, #187, #251));
#2330=FACE_OUTER_BOUND('', #2329, .T.);
#2331=FACE_SURFACE('', (#2330), #2332, .T.);
#2332=PLANE('', #9);
#2334=POLY_LOOP('', (#186, #251, #250));
#2335=FACE_OUTER_BOUND('', #2334, .T.);
#2336=FACE_SURFACE('', (#2335), #2337, .T.);
#2337=PLANE('', #9);
#2339=POLY_LOOP('', (#187, #188, #252));
#2340=FACE_OUTER_BOUND('', #2339, .T.);
#2341=FACE_SURFACE('', (#2340), #2342, .T.);
#2342=PLANE('', #9);
#2344=POLY_LOOP('', (#187, #252, #251));
#2345=FACE_OUTER_BOUND('', #2344, .T.);
#2346=FACE_SURFACE('', (#2345), #2347, .T.);
#2347=PLANE('', #9);
#2349=POLY_LOOP('', (#188, #189, #253));
#2350=FACE_OUTER_BOUND('', #2349, .T.);
#2351=FACE_SURFACE('', (#2350), #2352, .T.);
#2352=PLANE('', #9);
#2354=POLY_LOOP('', (#188, #253, #252));
#2355=FACE_OUTER_BOUND('', #2354, .T.);
#2356=FACE_SURFACE('', (#2355), #2357, .T.);
#2357=PLANE('', #9);
#2359=POLY_LOOP('', (#189, #190, #254));
#2360=FACE_OUTER_BOUND('', #2359, .T.);
#2361=FACE_SURFACE('', (#2360), #2362, .T.);
#2362=PLANE('', #9);
#2364=POLY_LOOP('', (#189, #254, #253));
#2365=FACE_OUTER_BOUND('', #2364, .T.);
#2366=FACE_SURFACE('', (#2365), #2367, .T.);
#2367=PLANE('', #9);
#2369=POLY_LOOP('', (#190, #191, #255));
#2370=FACE_OUTER_BOUND('', #2369, .T.);
#2371=FACE_SURFACE('', (#2370), #2372, .T.);
#2372=PLANE('', #9);
#2374=POLY_LOOP('', (#190, #255, #254));
#2375=FACE_OUTER_BOUND('', #2374, .T.);
#2376=FACE_SURFACE('', (#2375), #2377, .T.);
#2377=PLANE('', #9);
#2379=POLY_LOOP('', (#191, #192, #256));
#2380=FACE_OUTER_BOUND('', #2379, .T.);
#2381=FACE_SURFACE('', (#2380), #2382, .T.);
#2382=PLANE('', #9);
#2384=POLY_LOOP('', (#191, #256, #255));
#2385=FACE_OUTER_BOUND('', #2384, .T.);
#2386=FACE_SURFACE('', (#2385), #2387, .T.);
#2387=PLANE('', #9);
#2389=POLY_LOOP('', (#192, #193, #257));
#2390=FACE_OUTER_BOUND('', #2389, .T.);
#2391=FACE_SURFACE('', (#2390), #2392, .T.);
#2392=PLANE('', #9);
#2394=POLY_LOOP('', (#192, #257, #256));
#2395=FACE_OUTER_BOUND('', #2394, .T.);
#2396=FACE_SURFACE('', (#2395), #2397, .T.);
#2397=PLANE('', #9);
#2399=POLY_LOOP('', (#193, #194, #258));
#2400=FACE_OUTER_BOUND('', #2399, .T.);
#2401=FACE_SURFACE('', (#2400), #2402, .T.);
#2402=PLANE('', #9);
#2404=POLY_LOOP('', (#193, #258, #257));
#2405=FACE_OUTER_BOUND('', #2404, .T.);
#2406=FACE_SURFACE('', (#2405), #2407, .T.);
#2407=PLANE('', #9);
#2409=POLY_LOOP('', (#194, #195, #259));
#2410=FACE_OUTER_BOUND('', #2409, .T.);
#2411=FACE_SURFACE('', (#2410), #2412, .T.);
#2412=PLANE('', #9);
#2414=POLY_LOOP('', (#194, #259, #258));
#2415=FACE_OUTER_BOUND('', #2414, .T.);
#2416=FACE_SURFACE('', (#2415), #2417, .T.);
#2417=PLANE('', #9);
#2419=POLY_LOOP('', (#195, #196, #260));
#2420=FACE_OUTER_BOUND('', #2419, .T.);
#2421=FACE_SURFACE('', (#2420), #2422, .T.);
#2422=PLANE('', #9);
#2424=POLY_LOOP('', (#195, #260, #259));
#2425=FACE_OUTER_BOUND('', #2424, .T.);
#2426=FACE_SURFACE('', (#2425), #2427, .T.);
#2427=PLANE('', #9);
#2429=POLY_LOOP('', (#196, #197, #261));
#2430=FACE_OUTER_BOUND('', #2429, .T.);
#2431=FACE_SURFACE('', (#2430), #2432, .T.);
#2432=PLANE('', #9);
#2434=POLY_LOOP('', (#196, #261, #260));
#2435=FACE_OUTER_BOUND('', #2434, .T.);
#2436=FACE_SURFACE('', (#2435), #2437, .T.);
#2437=PLANE('', #9);
#2439=POLY_LOOP('', (#197, #198, #262));
#2440=FACE_OUTER_BOUND('', #2439, .T.);
#2441=FACE_SURFACE('', (#2440), #2442, .T.);
#2442=PLANE('', #9);
#2444=POLY_LOOP('', (#197, #262, #261));
#2445=FACE_OUTER_BOUND('', #2444, .T.);
#2446=FACE_SURFACE('', (#2445), #2447, .T.);
#2447=PLANE('', #9);
#2449=POLY_LOOP('', (#198, #199, #263));
#2450=FACE_OUTER_BOUND('', #2449, .T.);
#2451=FACE_SURFACE('', (#2450), #2452, .T.);
#2452=PLANE('', #9);
#2454=POLY_LOOP('', (#198, #263, #262));
#2455=FACE_OUTER_BOUND('', #2454, .T.);
#2456=FACE_SURFACE('', (#2455), #2457, .T.);
#2457=PLANE('', #9);
#2459=POLY_LOOP('', (#199, #200, #264));
#2460=FACE_OUTER_BOUND('', #2459, .T.);
#2461=FACE_SURFACE('', (#2460), #2462, .T.);
#2462=PLANE('', #9);
#2464=POLY_LOOP('', (#199, #264, #263));
#2465=FACE_OUTER_BOUND('', #2464, .T.);
#2466=FACE_SURFACE('', (#2465), #2467, .T.);
#2467=PLANE('', #9);
#2469=POLY_LOOP('', (#200, #201, #265));
#2470=FACE_OUTER_BOUND('', #2469, .T.);
#2471=FACE_SURFACE('', (#2470), #2472, .T.);
#2472=PLANE('', #9);
#2474=POLY_LOOP('', (#200, #265, #264));
#2475=FACE_OUTER_BOUND('', #2474, .T.);
#2476=FACE_SURFACE('', (#2475), #2477, .T.);
#2477=PLANE('', #9);
#2479=POLY_LOOP('', (#201, #202, #266));
#2480=FACE_OUTER_BOUND('', #2479, .T.);
#2481=FACE_SURFACE('', (#2480), #2482, .T.);
#2482=PLANE('', #9);
#2484=POLY_LOOP('', (#201, #266, #265));
#2485=FACE_OUTER_BOUND('', #2484, .T.);
#2486=FACE_SURFACE('', (#2485), #2487, .T.);
#2487=PLANE('', #9);
#2489=POLY_LOOP('', (#202, #203, #267));
#2490=FACE_OUTER_BOUND('', #2489, .T.);
#2491=FACE_SURFACE('', (#2490), #2492, .T.);
#2492=PLANE('', #9);
#2494=POLY_LOOP('', (#202, #267, #266));
#2495=FACE_OUTER_BOUND('', #2494, .T.);
#2496=FACE_SURFACE('', (#2495), #2497, .T.);
#2497=PLANE('', #9);
#2499=POLY_LOOP('', (#203, #204, #268));
#2500=FACE_OUTER_BOUND('', #2499, .T.);
#2501=FACE_SURFACE('', (#2500), #2502, .T.);
#2502=PLANE('', #9);
#2504=POLY_LOOP('', (#203, #268, #267));
#2505=FACE_OUTER_BOUND('', #2504, .T.);
#2506=FACE_SURFACE('', (#2505), #2507, .T.);
#2507=PLANE('', #9);
#2509=POLY_LOOP('', (#204, #205, #269));
#2510=FACE_OUTER_BOUND('', #2509, .T.);
#2511=FACE_SURFACE('', (#2510), #2512, .T.);
#2512=PLANE('', #9);
#2514=POLY_LOOP('', (#204, #269, #268));
#2515=FACE_OUTER_BOUND('', #2514, .T.);
#2516=FACE_SURFACE('', (#2515), #2517, .T.);
#2517=PLANE('', #9);
#2519=POLY_LOOP('', (#205, #206, #270));
#2520=FACE_OUTER_BOUND('', #2519, .T.);
#2521=FACE_SURFACE('', (#2520), #2522, .T.);
#2522=PLANE('', #9);
#2524=POLY_LOOP('', (#205, #270, #269));
#2525=FACE_OUTER_BOUND('', #2524, .T.);
#2526=FACE_SURFACE('', (#2525), #2527, .T.);
#2527=PLANE('', #9);
#2529=POLY_LOOP('', (#206, #207, #271));
#2530=FACE_OUTER_BOUND('', #2529, .T.);
#2531=FACE_SURFACE('', (#2530), #2532, .T.);
#2532=PLANE('', #9);
#2534=POLY_LOOP('', (#206, #271, #270));
#2535=FACE_OUTER_BOUND('', #2534, .T.);
#2536=FACE_SURFACE('', (#2535), #2537, .T.);
#2537=PLANE('', #9);
#2539=POLY_LOOP('', (#207, #208, #272));
#2540=FACE_OUTER_BOUND('', #2539, .T.);
#2541=FACE_SURFACE('', (#2540), #2542, .T.);
#2542=PLANE('', #9);
#2544=POLY_LOOP('', (#207, #272, #271));
#2545=FACE_OUTER_BOUND('', #2544, .T.);
#2546=FACE_SURFACE('', (#2545), #2547, .T.);
#2547=PLANE('', #9);
#2549=POLY_LOOP('', (#208, #209, #273));
#2550=FACE_OUTER_BOUND('', #2549, .T.);
#2551=FACE_SURFACE('', (#2550), #2552, .T.);
#2552=PLANE('', #9);
#2554=POLY_LOOP('', (#208, #273, #272));
#2555=FACE_OUTER_BOUND('', #2554, .T.);
#2556=FACE_SURFACE('', (#2555), #2557, .T.);
#2557=PLANE('', #9);
#2559=POLY_LOOP('', (#209, #210, #274));
#2560=FACE_OUTER_BOUND('', #2559, .T.);
#2561=FACE_SURFACE('', (#2560), #2562, .T.);
#2562=PLANE('', #9);
#2564=POLY_LOOP('', (#209, #274, #273));
#2565=FACE_OUTER_BOUND('', #2564, .T.);
#2566=FACE_SURFACE('', (#2565), #2567, .T.);
#2567=PLANE('', #9);
#2569=POLY_LOOP('', (#210, #147, #211));
#2570=FACE_OUTER_BOUND('', #2569, .T.);
#2571=FACE_SURFACE('', (#2570), #2572, .T.);
#2572=PLANE('', #9);
#2574=POLY_LOOP('', (#210, #211, #274));
#2575=FACE_OUTER_BOUND('', #2574, .T.);
#2576=FACE_SURFACE('', (#2575), #2577, .T.);
#2577=PLANE('', #9);
#2579=POLY_LOOP('', (#211, #212, #276));
#2580=FACE_OUTER_BOUND('', #2579, .T.);
#2581=FACE_SURFACE('', (#2580), #2582, .T.);
#2582=PLANE('', #9);
#2584=POLY_LOOP('', (#211, #276, #275));
#2585=FACE_OUTER_BOUND('', #2584, .T.);
#2586=FACE_SURFACE('', (#2585), #2587, .T.);
#2587=PLANE('', #9);
#2589=POLY_LOOP('', (#212, #213, #277));
#2590=FACE_OUTER_BOUND('', #2589, .T.);
#2591=FACE_SURFACE('', (#2590), #2592, .T.);
#2592=PLANE('', #9);
#2594=POLY_LOOP('', (#212, #277, #276));
#2595=FACE_OUTER_BOUND('', #2594, .T.);
#2596=FACE_SURFACE('', (#2595), #2597, .T.);
#2597=PLANE('', #9);
#2599=POLY_LOOP('', (#213, #214, #278));
#2600=FACE_OUTER_BOUND('', #2599, .T.);
#2601=FACE_SURFACE('', (#2600), #2602, .T.);
#2602=PLANE('', #9);
#2604=POLY_LOOP('', (#213, #278, #277));
#2605=FACE_OUTER_BOUND('', #2604, .T.);
#2606=FACE_SURFACE('', (#2605), #2607, .T.);
#2607=PLANE('', #9);
#2609=POLY_LOOP('', (#214, #215, #279));
#2610=FACE_OUTER_BOUND('', #2609, .T.);
#2611=FACE_SURFACE('', (#2610), #2612, .T.);
#2612=PLANE('', #9);
#2614=POLY_LOOP('', (#214, #279, #278));
#2615=FACE_OUTER_BOUND('', #2614, .T.);
#2616=FACE_SURFACE('', (#2615), #2617, .T.);
#2617=PLANE('', #9);
#2619=POLY_LOOP('', (#215, #216, #280));
#2620=FACE_OUTER_BOUND('', #2619, .T.);
#2621=FACE_SURFACE('', (#2620), #2622, .T.);
#2622=PLANE('', #9);
#2624=POLY_LOOP('', (#215, #280, #279));
#2625=FACE_OUTER_BOUND('', #2624, .T.);
#2626=FACE_SURFACE('', (#2625), #2627, .T.);
#2627=PLANE('', #9);
#2629=POLY_LOOP('', (#216, #217, #281));
#2630=FACE_OUTER_BOUND('', #2629, .T.);
#2631=FACE_SURFACE('', (#2630), #2632, .T.);
#2632=PLANE('', #9);
#2634=POLY_LOOP('', (#216, #281, #280));
#2635=FACE_OUTER_BOUND('', #2634, .T.);
#2636=FACE_SURFACE('', (#2635), #2637, .T.);
#2637=PLANE('', #9);
#2639=POLY_LOOP('', (#217, #218, #282));
#2640=FACE_OUTER_BOUND('', #2639, .T.);
#2641=FACE_SURFACE('', (#2640), #2642, .T.);
#2642=PLANE('', #9);
#2644=POLY_LOOP('', (#217, #282, #281));
#2645=FACE_OUTER_BOUND('', #2644, .T.);
#2646=FACE_SURFACE('', (#2645), #2647, .T.);
#2647=PLANE('', #9);
#2649=POLY_LOOP('', (#218, #219, #283));
#2650=FACE_OUTER_BOUND('', #2649, .T.);
#2651=FACE_SURFACE('', (#2650), #2652, .T.);
#2652=PLANE('', #9);
#2654=POLY_LOOP('', (#218, #283, #282));
#2655=FACE_OUTER_BOUND('', #2654, .T.);
#2656=FACE_SURFACE('', (#2655), #2657, .T.);
#2657=PLANE('', #9);
#2659=POLY_LOOP('', (#219, #220, #284));
#2660=FACE_OUTER_BOUND('', #2659, .T.);
#2661=FACE_SURFACE('', (#2660), #2662, .T.);
#2662=PLANE('', #9);
#2664=POLY_LOOP('', (#219, #284, #283));
#2665=FACE_OUTER_BOUND('', #2664, .T.);
#2666=FACE_SURFACE('', (#2665), #2667, .T.);
#2667=PLANE('', #9);
#2669=POLY_LOOP('', (#220, #221, #285));
#2670=FACE_OUTER_BOUND('', #2669, .T.);
#2671=FACE_SURFACE('', (#2670), #2672, .T.);
#2672=PLANE('', #9);
#2674=POLY_LOOP('', (#220, #285, #284));
#2675=FACE_OUTER_BOUND('', #2674, .T.);
#2676=FACE_SURFACE('', (#2675), #2677, .T.);
#2677=PLANE('', #9);
#2679=POLY_LOOP('', (#221, #222, #286));
#2680=FACE_OUTER_BOUND('', #2679, .T.);
#2681=FACE_SURFACE('', (#2680), #2682, .T.);
#2682=PLANE('', #9);
#2684=POLY_LOOP('', (#221, #286, #285));
#2685=FACE_OUTER_BOUND('', #2684, .T.);
#2686=FACE_SURFACE('', (#2685), #2687, .T.);
#2687=PLANE('', #9);
#2689=POLY_LOOP('', (#222, #223, #287));
#2690=FACE_OUTER_BOUND('', #2689, .T.);
#2691=FACE_SURFACE('', (#2690), #2692, .T.);
#2692=PLANE('', #9);
#2694=POLY_LOOP('', (#222, #287, #286));
#2695=FACE_OUTER_BOUND('', #2694, .T.);
#2696=FACE_SURFACE('', (#2695), #2697, .T.);
#2697=PLANE('', #9);
#2699=POLY_LOOP('', (#223, #224, #288));
#2700=FACE_OUTER_BOUND('', #2699, .T.);
#2701=FACE_SURFACE('', (#2700), #2702, .T.);
#2702=PLANE('', #9);
#2704=POLY_LOOP('', (#223, #288, #287));
#2705=FACE_OUTER_BOUND('', #2704, .T.);
#2706=FACE_SURFACE('', (#2705), #2707, .T.);
#2707=PLANE('', #9);
#2709=POLY_LOOP('', (#224, #225, #289));
#2710=FACE_OUTER_BOUND('', #2709, .T.);
#2711=FACE_SURFACE('', (#2710), #2712, .T.);
#2712=PLANE('', #9);
#2714=POLY_LOOP('', (#224, #289, #288));
#2715=FACE_OUTER_BOUND('', #2714, .T.);
#2716=FACE_SURFACE('', (#2715), #2717, .T.);
#2717=PLANE('', #9);
#2719=POLY_LOOP('', (#225, #226, #290));
#2720=FACE_OUTER_BOUND('', #2719, .T.);
#2721=FACE_SURFACE('', (#2720), #2722, .T.);
#2722=PLANE('', #9);
#2724=POLY_LOOP('', (#225, #290, #289));
#2725=FACE_OUTER_BOUND('', #2724, .T.);
#2726=FACE_SURFACE('', (#2725), #2727, .T.);
#2727=PLANE('', #9);
#2729=POLY_LOOP('', (#226, #227, #291));
#2730=FACE_OUTER_BOUND('', #2729, .T.);
#2731=FACE_SURFACE('', (#2730), #2732, .T.);
#2732=PLANE('', #9);
#2734=POLY_LOOP('', (#226, #291, #290));
#2735=FACE_OUTER_BOUND('', #2734, .T.);
#2736=FACE_SURFACE('', (#2735), #2737, .T.);
#2737=PLANE('', #9);
#2739=POLY_LOOP('', (#227, #228, #292));
#2740=FACE_OUTER_BOUND('', #2739, .T.);
#2741=FACE_SURFACE('', (#2740), #2742, .T.);
#2742=PLANE('', #9);
#2744=POLY_LOOP('', (#227, #292, #291));
#2745=FACE_OUTER_BOUND('', #2744, .T.);
#2746=FACE_SURFACE('', (#2745), #2747, .T.);
#2747=PLANE('', #9);
#2749=POLY_LOOP('', (#228, #229, #293));
#2750=FACE_OUTER_BOUND('', #2749, .T.);
#2751=FACE_SURFACE('', (#2750), #2752, .T.);
#2752=PLANE('', #9);
#2754=POLY_LOOP('', (#228, #293, #292));
#2755=FACE_OUTER_BOUND('', #2754, .T.);
#2756=FACE_SURFACE('', (#2755), #2757, .T.);
#2757=PLANE('', #9);
#2759=POLY_LOOP('', (#229, #230, #294));
#2760=FACE_OUTER_BOUND('', #2759, .T.);
#2761=FACE_SURFACE('', (#2760), #2762, .T.);
#2762=PLANE('', #9);
#2764=POLY_LOOP('', (#229, #294, #293));
#2765=FACE_OUTER_BOUND('', #2764, .T.);
#2766=FACE_SURFACE('', (#2765), #2767, .T.);
#2767=PLANE('', #9);
#2769=POLY_LOOP('', (#230, #231, #295));
#2770=FACE_OUTER_BOUND('', #2769, .T.);
#2771=FACE_SURFACE('', (#2770), #2772, .T.);
#2772=PLANE('', #9);
#2774=POLY_LOOP('', (#230, #295, #294));
#2775=FACE_OUTER_BOUND('', #2774, .T.);
#2776=FACE_SURFACE('', (#2775), #2777, .T.);
#2777=PLANE('', #9);
#2779=POLY_LOOP('', (#231, #232, #296));
#2780=FACE_OUTER_BOUND('', #2779, .T.);
#2781=FACE_SURFACE('', (#2780), #2782, .T.);
#2782=PLANE('', #9);
#2784=POLY_LOOP('', (#231, #296, #295));
#2785=FACE_OUTER_BOUND('', #2784, .T.);
#2786=FACE_SURFACE('', (#2785), #2787, .T.);
#2787=PLANE('', #9);
#2789=POLY_LOOP('', (#232, #233, #297));
#2790=FACE_OUTER_BOUND('', #2789, .T.);
#2791=FACE_SURFACE('', (#2790), #2792, .T.);
#2792=PLANE('', #9);
#2794=POLY_LOOP('', (#232, #297, #296));
#2795=FACE_OUTER_BOUND('', #2794, .T.);
#2796=FACE_SURFACE('', (#2795), #2797, .T.);
#2797=PLANE('', #9);
#2799=POLY_LOOP('', (#233, #234, #298));
#2800=FACE_OUTER_BOUND('', #2799, .T.);
#2801=FACE_SURFACE('', (#2800), #2802, .T.);
#2802=PLANE('', #9);
#2804=POLY_LOOP('', (#233, #298, #297));
#2805=FACE_OUTER_BOUND('', #2804, .T.);
#2806=FACE_SURFACE('', (#2805), #2807, .T.);
#2807=PLANE('', #9);
#2809=POLY_LOOP('', (#234, #235, #299));
#2810=FACE_OUTER_BOUND('', #2809, .T.);
#2811=FACE_SURFACE('', (#2810), #2812, .T.);
#2812=PLANE('', #9);
#2814=POLY_LOOP('', (#234, #299, #298));
#2815=FACE_OUTER_BOUND('', #2814, .T.);
#2816=FACE_SURFACE('', (#2815), #2817, .T.);
#2817=PLANE('', #9);
#2819=POLY_LOOP('', (#235, #236, #300));
#2820=FACE_OUTER_BOUND('', #2819, .T.);
#2821=FACE_SURFACE('', (#2820), #2822, .T.);
#2822=PLANE('', #9);
#2824=POLY_LOOP('', (#235, #300, #299));
#2825=FACE_OUTER_BOUND('', #2824, .T.);
#2826=FACE_SURFACE('', (#2825), #2827, .T.);
#2827=PLANE('', #9);
#2829=POLY_LOOP('', (#236, #237, #301));
#2830=FACE_OUTER_BOUND('', #2829, .T.);
#2831=FACE_SURFACE('', (#2830), #2832, .T.);
#2832=PLANE('', #9);
#2834=POLY_LOOP('', (#236, #301, #300));
#2835=FACE_OUTER_BOUND('', #2834, .T.);
#2836=FACE_SURFACE('', (#2835), #2837, .T.);
#2837=PLANE('', #9);
#2839=POLY_LOOP('', (#237, #238, #302));
#2840=FACE_OUTER_BOUND('', #2839, .T.);
#2841=FACE_SURFACE('', (#2840), #2842, .T.);
#2842=PLANE('', #9);
#2844=POLY_LOOP('', (#237, #302, #301));
#2845=FACE_OUTER_BOUND('', #2844, .T.);
#2846=FACE_SURFACE('', (#2845), #2847, .T.);
#2847=PLANE('', #9);
#2849=POLY_LOOP('', (#238, #239, #303));
#2850=FACE_OUTER_BOUND('', #2849, .T.);
#2851=FACE_SURFACE('', (#2850), #2852, .T.);
#2852=PLANE('', #9);
#2854=POLY_LOOP('', (#238, #303, #302));
#2855=FACE_OUTER_BOUND('', #2854, .T.);
#2856=FACE_SURFACE('', (#2855), #2857, .T.);
#2857=PLANE('', #9);
#2859=POLY_LOOP('', (#239, #240, #304));
#2860=FACE_OUTER_BOUND('', #2859, .T.);
#2861=FACE_SURFACE('', (#2860), #2862, .T.);
#2862=PLANE('', #9);
#2864=POLY_LOOP('', (#239, #304, #303));
#2865=FACE_OUTER_BOUND('', #2864, .T.);
#2866=FACE_SURFACE('', (#2865), #2867, .T.);
#2867=PLANE('', #9);
#2869=POLY_LOOP('', (#240, #241, #305));
#2870=FACE_OUTER_BOUND('', #2869, .T.);
#2871=FACE_SURFACE('', (#2870), #2872, .T.);
#2872=PLANE('', #9);
#2874=POLY_LOOP('', (#240, #305, #304));
#2875=FACE_OUTER_BOUND('', #2874, .T.);
#2876=FACE_SURFACE('', (#2875), #2877, .T.);
#2877=PLANE('', #9);
#2879=POLY_LOOP('', (#241, #242, #306));
#2880=FACE_OUTER_BOUND('', #2879, .T.);
#2881=FACE_SURFACE('', (#2880), #2882, .T.);
#2882=PLANE('', #9);
#2884=POLY_LOOP('', (#241, #306, #305));
#2885=FACE_OUTER_BOUND('', #2884, .T.);
#2886=FACE_SURFACE('', (#2885), #2887, .T.);
#2887=PLANE('', #9);
#2889=POLY_LOOP('', (#242, #243, #307));
#2890=FACE_OUTER_BOUND('', #2889, .T.);
#2891=FACE_SURFACE('', (#2890), #2892, .T.);
#2892=PLANE('', #9);
#2894=POLY_LOOP('', (#242, #307, #306));
#2895=FACE_OUTER_BOUND('', #2894, .T.);
#2896=FACE_SURFACE('', (#2895), #2897, .T.);
#2897=PLANE('', #9);
#2899=POLY_LOOP('', (#243, #244, #308));
#2900=FACE_OUTER_BOUND('', #2899, .T.);
#2901=FACE_SURFACE('', (#2900), #2902, .T.);
#2902=PLANE('', #9);
#2904=POLY_LOOP('', (#243, #308, #307));
#2905=FACE_OUTER_BOUND('', #2904, .T.);
#2906=FACE_SURFACE('', (#2905), #2907, .T.);
#2907=PLANE('', #9);
#2909=POLY_LOOP('', (#244, #245, #309));
#2910=FACE_OUTER_BOUND('', #2909, .T.);
#2911=FACE_SURFACE('', (#2910), #2912, .T.);
#2912=PLANE('', #9);
#2914=POLY_LOOP('', (#244, #309, #308));
#2915=FACE_OUTER_BOUND('', #2914, .T.);
#2916=FACE_SURFACE('', (#2915), #2917, .T.);
#2917=PLANE('', #9);
#2919=POLY_LOOP('', (#245, #246, #310));
#2920=FACE_OUTER_BOUND('', #2919, .T.);
#2921=FACE_SURFACE('', (#2920), #2922, .T.);
#2922=PLANE('', #9);
#2924=POLY_LOOP('', (#245, #310, #309));
#2925=FACE_OUTER_BOUND('', #2924, .T.);
#2926=FACE_SURFACE('', (#2925), #2927, .T.);
#2927=PLANE('', #9);
#2929=POLY_LOOP('', (#246, #247, #311));
#2930=FACE_OUTER_BOUND('', #2929, .T.);
#2931=FACE_SURFACE('', (#2930), #2932, .T.);
#2932=PLANE('', #9);
#2934=POLY_LOOP('', (#246, #311, #310));
#2935=FACE_OUTER_BOUND('', #2934, .T.);
#2936=FACE_SURFACE('', (#2935), #2937, .T.);
#2937=PLANE('', #9);
#2939=POLY_LOOP('', (#247, #248, #312));
#2940=FACE_OUTER_BOUND('', #2939, .T.);
#2941=FACE_SURFACE('', (#2940), #2942, .T.);
#2942=PLANE('', #9);
#2944=POLY_LOOP('', (#247, #312, #311));
#2945=FACE_OUTER_BOUND('', #2944, .T.);
#2946=FACE_SURFACE('', (#2945), #2947, .T.);
#2947=PLANE('', #9);
#2949=POLY_LOOP('', (#248, #249, #313));
#2950=FACE_OUTER_BOUND('', #2949, .T.);
#2951=FACE_SURFACE('', (#2950), #2952, .T.);
#2952=PLANE('', #9);
#2954=POLY_LOOP('', (#248, #313, #312));
#2955=FACE_OUTER_BOUND('', #2954, .T.);
#2956=FACE_SURFACE('', (#2955), #2957, .T.);
#2957=PLANE('', #9);
#2959=POLY_LOOP('', (#249, #250, #314));
#2960=FACE_OUTER_BOUND('', #2959, .T.);
#2961=FACE_SURFACE('', (#2960), #2962, .T.);
#2962=PLANE('', #9);
#2964=POLY_LOOP('', (#249, #314, #313));
#2965=FACE_OUTER_BOUND('', #2964, .T.);
#2966=FACE_SURFACE('', (#2965), #2967, .T.);
#2967=PLANE('', #9);
#2969=POLY_LOOP('', (#250, #251, #315));
#2970=FACE_OUTER_BOUND('', #2969, .T.);
#2971=FACE_SURFACE('', (#2970), #2972, .T.);
#2972=PLANE('', #9);
#2974=POLY_LOOP('', (#250, #315, #314));
#2975=FACE_OUTER_BOUND('', #2974, .T.);
#2976=FACE_SURFACE('', (#2975), #2977, .T.);
#2977=PLANE('', #9);
#2979=POLY_LOOP('', (#251, #252, #316));
#2980=FACE_OUTER_BOUND('', #2979, .T.);
#2981=FACE_SURFACE('', (#2980), #2982, .T.);
#2982=PLANE('', #9);
#2984=POLY_LOOP('', (#251, #316, #315));
#2985=FACE_OUTER_BOUND('', #2984, .T.);
#2986=FACE_SURFACE('', (#2985), #2987, .T.);
#2987=PLANE('', #9);
#2989=POLY_LOOP('', (#252, #253, #317));
#2990=FACE_OUTER_BOUND('', #2989, .T.);
#2991=FACE_SURFACE('', (#2990), #2992, .T.);
#2992=PLANE('', #9);
#2994=POLY_LOOP('', (#252, #317, #316));
#2995=FACE_OUTER_BOUND('', #2994, .T.);
#2996=FACE_SURFACE('', (#2995), #2997, .T.);
#2997=PLANE('', #9);
#2999=POLY_LOOP('', (#253, #254, #318));
#3000=FACE_OUTER_BOUND('', #2999, .T.);
#3001=FACE_SURFACE('', (#3000), #3002, .T.);
#3002=PLANE('', #9);
#3004=POLY_LOOP('', (#253, #318, #317));
#3005=FACE_OUTER_BOUND('', #3004, .T.);
#3006=FACE_SURFACE('', (#3005), #3007, .T.);
#3007=PLANE('', #9);
#3009=POLY_LOOP('', (#254, #255, #319));
#3010=FACE_OUTER_BOUND('', #3009, .T.);
#3011=FACE_SURFACE('', (#3010), #3012, .T.);
#3012=PLANE('', #9);
#3014=POLY_LOOP('', (#254, #319, #318));
#3015=FACE_OUTER_BOUND('', #3014, .T.);
#3016=FACE_SURFACE('', (#3015), #3017, .T.);
#3017=PLANE('', #9);
#3019=POLY_LOOP('', (#255, #256, #320));
#3020=FACE_OUTER_BOUND('', #3019, .T.);
#3021=FACE_SURFACE('', (#3020), #3022, .T.);
#3022=PLANE('', #9);
#3024=POLY_LOOP('', (#255, #320, #319));
#3025=FACE_OUTER_BOUND('', #3024, .T.);
#3026=FACE_SURFACE('', (#3025), #3027, .T.);
#3027=PLANE('', #9);
#3029=POLY_LOOP('', (#256, #257, #321));
#3030=FACE_OUTER_BOUND('', #3029, .T.);
#3031=FACE_SURFACE('', (#3030), #3032, .T.);
#3032=PLANE('', #9);
#3034=POLY_LOOP('', (#256, #321, #320));
#3035=FACE_OUTER_BOUND('', #3034, .T.);
#3036=FACE_SURFACE('', (#3035), #3037, .T.);
#3037=PLANE('', #9);
#3039=POLY_LOOP('', (#257, #258, #322));
#3040=FACE_OUTER_BOUND('', #3039, .T.);
#3041=FACE_SURFACE('', (#3040), #3042, .T.);
#3042=PLANE('', #9);
#3044=POLY_LOOP('', (#257, #322, #321));
#3045=FACE_OUTER_BOUND('', #3044, .T.);
#3046=FACE_SURFACE('', (#3045), #3047, .T.);
#3047=PLANE('', #9);
#3049=POLY_LOOP('', (#258, #259, #323));
#3050=FACE_OUTER_BOUND('', #3049, .T.);
#3051=FACE_SURFACE('', (#3050), #3052, .T.);
#3052=PLANE('', #9);
#3054=POLY_LOOP('', (#258, #323, #322));
#3055=FACE_OUTER_BOUND('', #3054, .T.);
#3056=FACE_SURFACE('', (#3055), #3057, .T.);
#3057=PLANE('', #9);
#3059=POLY_LOOP('', (#259, #260, #324));
#3060=FACE_OUTER_BOUND('', #3059, .T.);
#3061=FACE_SURFACE('', (#3060), #3062, .T.);
#3062=PLANE('', #9);
#3064=POLY_LOOP('', (#259, #324, #323));
#3065=FACE_OUTER_BOUND('', #3064, .T.);
#3066=FACE_SURFACE('', (#3065), #3067, .T.);
#3067=PLANE('', #9);
#3069=POLY_LOOP('', (#260, #261, #325));
#3070=FACE_OUTER_BOUND('', #3069, .T.);
#3071=FACE_SURFACE('', (#3070), #3072, .T.);
#3072=PLANE('', #9);
#3074=POLY_LOOP('', (#260, #325, #324));
#3075=FACE_OUTER_BOUND('', #3074, .T.);
#3076=FACE_SURFACE('', (#3075), #3077, .T.);
#3077=PLANE('', #9);
#3079=POLY_LOOP('', (#261, #262, #326));
#3080=FACE_OUTER_BOUND('', #3079, .T.);
#3081=FACE_SURFACE('', (#3080), #3082, .T.);
#3082=PLANE('', #9);
#3084=POLY_LOOP('', (#261, #326, #325));
#3085=FACE_OUTER_BOUND('', #3084, .T.);
#3086=FACE_SURFACE('', (#3085), #3087, .T.);
#3087=PLANE('', #9);
#3089=POLY_LOOP('', (#262, #263, #327));
#3090=FACE_OUTER_BOUND('', #3089, .T.);
#3091=FACE_SURFACE('', (#3090), #3092, .T.);
#3092=PLANE('', #9);
#3094=POLY_LOOP('', (#262, #327, #326));
#3095=FACE_OUTER_BOUND('', #3094, .T.);
#3096=FACE_SURFACE('', (#3095), #3097, .T.);
#3097=PLANE('', #9);
#3099=POLY_LOOP('', (#263, #264, #328));
#3100=FACE_OUTER_BOUND('', #3099, .T.);
#3101=FACE_SURFACE('', (#3100), #3102, .T.);
#3102=PLANE('', #9);
#3104=POLY_LOOP('', (#263, #328, #327));
#3105=FACE_OUTER_BOUND('', #3104, .T.);
#3106=FACE_SURFACE('', (#3105), #3107, .T.);
#3107=PLANE('', #9);
#3109=POLY_LOOP('', (#264, #265, #329));
#3110=FACE_OUTER_BOUND('', #3109, .T.);
#3111=FACE_SURFACE('', (#3110), #3112, .T.);
#3112=PLANE('', #9);
#3114=POLY_LOOP('', (#264, #329, #328));
#3115=FACE_OUTER_BOUND('', #3114, .T.);
#3116=FACE_SURFACE('', (#3115), #3117, .T.);
#3117=PLANE('', #9);
#3119=POLY_LOOP('', (#265, #266, #330));
#3120=FACE_OUTER_BOUND('', #3119, .T.);
#3121=FACE_SURFACE('', (#3120), #3122, .T.);
#3122=PLANE('', #9);
#3124=POLY_LOOP('', (#265, #330, #329));
#3125=FACE_OUTER_BOUND('', #3124, .T.);
#3126=FACE_SURFACE('', (#3125), #3127, .T.);
#3127=PLANE('', #9);
#3129=POLY_LOOP('', (#266, #267, #331));
#3130=FACE_OUTER_BOUND('', #3129, .T.);
#3131=FACE_SURFACE('', (#3130), #3132, .T.);
#3132=PLANE('', #9);
#3134=POLY_LOOP('', (#266, #331, #330));
#3135=FACE_OUTER_BOUND('', #3134, .T.);
#3136=FACE_SURFACE('', (#3135), #3137, .T.);
#3137=PLANE('', #9);
#3139=POLY_LOOP('', (#267, #268, #332));
#3140=FACE_OUTER_BOUND('', #3139, .T.);
#3141=FACE_SURFACE('', (#3140), #3142, .T.);
#3142=PLANE('', #9);
#3144=POLY_LOOP('', (#267, #332, #331));
#3145=FACE_OUTER_BOUND('', #3144, .T.);
#3146=FACE_SURFACE('', (#3145), #3147, .T.);
#3147=PLANE('', #9);
#3149=POLY_LOOP('', (#268, #269, #333));
#3150=FACE_OUTER_BOUND('', #3149, .T.);
#3151=FACE_SURFACE('', (#3150), #3152, .T.);
#3152=PLANE('', #9);
#3154=POLY_LOOP('', (#268, #333, #332));
#3155=FACE_OUTER_BOUND('', #3154, .T.);
#3156=FACE_SURFACE('', (#3155), #3157, .T.);
#3157=PLANE('', #9);
#3159=POLY_LOOP('', (#269, #270, #334));
#3160=FACE_OUTER_BOUND('', #3159, .T.);
#3161=FACE_SURFACE('', (#3160), #3162, .T.);
#3162=PLANE('', #9);
#3164=POLY_LOOP('', (#269, #334, #333));
#3165=FACE_OUTER_BOUND('', #3164, .T.);
#3166=FACE_SURFACE('', (#3165), #3167, .T.);
#3167=PLANE('', #9);
#3169=POLY_LOOP('', (#270, #271, #335));
#3170=FACE_OUTER_BOUND('', #3169, .T.);
#3171=FACE_SURFACE('', (#3170), #3172, .T.);
#3172=PLANE('', #9);
#3174=POLY_LOOP('', (#270, #335, #334));
#3175=FACE_OUTER_BOUND('', #3174, .T.);
#3176=FACE_SURFACE('', (#3175), #3177, .T.);
#3177=PLANE('', #9);
#3179=POLY_LOOP('', (#271, #272, #336));
#3180=FACE_OUTER_BOUND('', #3179, .T.);
#3181=FACE_SURFACE('', (#3180), #3182, .T.);
#3182=PLANE('', #9);
#3184=POLY_LOOP('', (#271, #336, #335));
#3185=FACE_OUTER_BOUND('', #3184, .T.);
#3186=FACE_SURFACE('', (#3185), #3187, .T.);
#3187=PLANE('', #9);
#3189=POLY_LOOP('', (#272, #273, #337));
#3190=FACE_OUTER_BOUND('', #3189, .T.);
#3191=FACE_SURFACE('', (#3190), #3192, .T.);
#3192=PLANE('', #9);
#3194=POLY_LOOP('', (#272, #337, #336));
#3195=FACE_OUTER_BOUND('', #3194, .T.);
#3196=FACE_SURFACE('', (#3195), #3197, .T.);
#3197=PLANE('', #9);
#3199=POLY_LOOP('', (#273, #274, #338));
#3200=FACE_OUTER_BOUND('', #3199, .T.);
#3201=FACE_SURFACE('', (#3200), #3202, .T.);
#3202=PLANE('', #9);
#3204=POLY_LOOP('', (#273, #338, #337));
#3205=FACE_OUTER_BOUND('', #3204, .T.);
#3206=FACE_SURFACE('', (#3205), #3207, .T.);
#3207=PLANE('', #9);
#3209=POLY_LOOP('', (#274, #211, #275));
#3210=FACE_OUTER_BOUND('', #3209, .T.);
#3211=FACE_SURFACE('', (#3210), #3212, .T.);
#3212=PLANE('', #9);
#3214=POLY_LOOP('', (#274, #275, #338));
#3215=FACE_OUTER_BOUND('', #3214, .T.);
#3216=FACE_SURFACE('', (#3215), #3217, .T.);
#3217=PLANE('', #9);
#3219=POLY_LOOP('', (#339, #404, #340));
#3220=FACE_OUTER_BOUND('', #3219, .T.);
#3221=FACE_SURFACE('', (#3220), #3222, .T.);
#3222=PLANE('', #9);
#3224=POLY_LOOP('', (#339, #403, #404));
#3225=FACE_OUTER_BOUND('', #3224, .T.);
#3226=FACE_SURFACE('', (#3225), #3227, .T.);
#3227=PLANE('', #9);
#3229=POLY_LOOP('', (#340, #405, #341));
#3230=FACE_OUTER_BOUND('', #3229, .T.);
#3231=FACE_SURFACE('', (#3230), #3232, .T.);
#3232=PLANE('', #9);
#3234=POLY_LOOP('', (#340, #404, #405));
#3235=FACE_OUTER_BOUND('', #3234, .T.);
#3236=FACE_SURFACE('', (#3235), #3237, .T.);
#3237=PLANE('', #9);
#3239=POLY_LOOP('', (#341, #406, #342));
#3240=FACE_OUTER_BOUND('', #3239, .T.);
#3241=FACE_SURFACE('', (#3240), #3242, .T.);
#3242=PLANE('', #9);
#3244=POLY_LOOP('', (#341, #405, #406));
#3245=FACE_OUTER_BOUND('', #3244, .T.);
#3246=FACE_SURFACE('', (#3245), #3247, .T.);
#3247=PLANE('', #9);
#3249=POLY_LOOP('', (#342, #407, #343));
#3250=FACE_OUTER_BOUND('', #3249, .T.);
#3251=FACE_SURFACE('', (#3250), #3252, .T.);
#3252=PLANE('', #9);
#3254=POLY_LOOP('', (#342, #406, #407));
#3255=FACE_OUTER_BOUND('', #3254, .T.);
#3256=FACE_SURFACE('', (#3255), #3257, .T.);
#3257=PLANE('', #9);
#3259=POLY_LOOP('', (#343, #408, #344));
#3260=FACE_OUTER_BOUND('', #3259, .T.);
#3261=FACE_SURFACE('', (#3260), #3262, .T.);
#3262=PLANE('', #9);
#3264=POLY_LOOP('', (#343, #407, #408));
#3265=FACE_OUTER_BOUND('', #3264, .T.);
#3266=FACE_SURFACE('', (#3265), #3267, .T.);
#3267=PLANE('', #9);
#3269=POLY_LOOP('', (#344, #409, #345));
#3270=FACE_OUTER_BOUND('', #3269, .T.);
#3271=FACE_SURFACE('', (#3270), #3272, .T.);
#3272=PLANE('', #9);
#3274=POLY_LOOP('', (#344, #408, #409));
#3275=FACE_OUTER_BOUND('', #3274, .T.);
#3276=FACE_SURFACE('', (#3275), #3277, .T.);
#3277=PLANE('', #9);
#3279=POLY_LOOP('', (#345, #410, #346));
#3280=FACE_OUTER_BOUND('', #3279, .T.);
#3281=FACE_SURFACE('', (#3280), #3282, .T.);
#3282=PLANE('', #9);
#3284=POLY_LOOP('', (#345, #409, #410));
#3285=FACE_OUTER_BOUND('', #3284, .T.);
#3286=FACE_SURFACE('', (#3285), #3287, .T.);
#3287=PLANE('', #9);
#3289=POLY_LOOP('', (#346, #411, #347));
#3290=FACE_OUTER_BOUND('', #3289, .T.);
#3291=FACE_SURFACE('', (#3290), #3292, .T.);
#3292=PLANE('', #9);
#3294=POLY_LOOP('', (#346, #410, #411));
#3295=FACE_OUTER_BOUND('', #3294, .T.);
#3296=FACE_SURFACE('', (#3295), #3297, .T.);
#3297=PLANE('', #9);
#3299=POLY_LOOP('', (#347, #412, #348));
#3300=FACE_OUTER_BOUND('', #3299, .T.);
#3301=FACE_SURFACE('', (#3300), #3302, .T.);
#3302=PLANE('', #9);
#3304=POLY_LOOP('', (#347, #411, #412));
#3305=FACE_OUTER_BOUND('', #3304, .T.);
#3306=FACE_SURFACE('', (#3305), #3307, .T.);
#3307=PLANE('', #9);
#3309=POLY_LOOP('', (#348, #413, #349));
#3310=FACE_OUTER_BOUND('', #3309, .T.);
#3311=FACE_SURFACE('', (#3310), #3312, .T.);
#3312=PLANE('', #9);
#3314=POLY_LOOP('', (#348, #412, #413));
#3315=FACE_OUTER_BOUND('', #3314, .T.);
#3316=FACE_SURFACE('', (#3315), #3317, .T.);
#3317=PLANE('', #9);
#3319=POLY_LOOP('', (#349, #414, #350));
#3320=FACE_OUTER_BOUND('', #3319, .T.);
#3321=FACE_SURFACE('', (#3320), #3322, .T.);
#3322=PLANE('', #9);
#3324=POLY_LOOP('', (#349, #413, #414));
#3325=FACE_OUTER_BOUND('', #3324, .T.);
#3326=FACE_SURFACE('', (#3325), #3327, .T.);
#3327=PLANE('', #9);
#3329=POLY_LOOP('', (#350, #415, #351));
#3330=FACE_OUTER_BOUND('', #3329, .T.);
#3331=FACE_SURFACE('', (#3330), #3332, .T.);
#3332=PLANE('', #9);
#3334=POLY_LOOP('', (#350, #414, #415));
#3335=FACE_OUTER_BOUND('', #3334, .T.);
#3336=FACE_SURFACE('', (#3335), #3337, .T.);
#3337=PLANE('', #9);
#3339=POLY_LOOP('', (#351, #416, #352));
#3340=FACE_OUTER_BOUND('', #3339, .T.);
#3341=FACE_SURFACE('', (#3340), #3342, .T.);
#3342=PLANE('', #9);
#3344=POLY_LOOP('', (#351, #415, #416));
#3345=FACE_OUTER_BOUND('', #3344, .T.);
#3346=FACE_SURFACE('', (#3345), #3347, .T.);
#3347=PLANE('', #9);
#3349=POLY_LOOP('', (#352, #417, #353));
#3350=FACE_OUTER_BOUND('', #3349, .T.);
#3351=FACE_SURFACE('', (#3350), #3352, .T.);
#3352=PLANE('', #9);
#3354=POLY_LOOP('', (#352, #416, #417));
#3355=FACE_OUTER_BOUND('', #3354, .T.);
#3356=FACE_SURFACE('', (#3355), #3357, .T.);
#3357=PLANE('', #9);
#3359=POLY_LOOP('', (#353, #418, #354));
#3360=FACE_OUTER_BOUND('', #3359, .T.);
#3361=FACE_SURFACE('', (#3360), #3362, .T.);
#3362=PLANE('', #9);
#3364=POLY_LOOP('', (#353, #417, #418));
#3365=FACE_OUTER_BOUND('', #3364, .T.);
#3366=FACE_SURFACE('', (#3365), #3367, .T.);
#3367=PLANE('', #9);
#3369=POLY_LOOP('', (#354, #419, #355));
#3370=FACE_OUTER_BOUND('', #3369, .T.);
#3371=FACE_SURFACE('', (#3370), #3372, .T.);
#3372=PLANE('', #9);
#3374=POLY_LOOP('', (#354, #418, #419));
#3375=FACE_OUTER_BOUND('', #3374, .T.);
#3376=FACE_SURFACE('', (#3375), #3377, .T.);
#3377=PLANE('', #9);
#3379=POLY_LOOP('', (#355, #420, #356));
#3380=FACE_OUTER_BOUND('', #3379, .T.);
#3381=FACE_SURFACE('', (#3380), #3382, .T.);
#3382=PLANE('', #9);
#3384=POLY_LOOP('', (#355, #419, #420));
#3385=FACE_OUTER_BOUND('', #3384, .T.);
#3386=FACE_SURFACE('', (#3385), #3387, .T.);
#3387=PLANE('', #9);
#3389=POLY_LOOP('', (#356, #421, #357));
#3390=FACE_OUTER_BOUND('', #3389, .T.);
#3391=FACE_SURFACE('', (#3390), #3392, .T.);
#3392=PLANE('', #9);
#3394=POLY_LOOP('', (#356, #420, #421));
#3395=FACE_OUTER_BOUND('', #3394, .T.);
#3396=FACE_SURFACE('', (#3395), #3397, .T.);
#3397=PLANE('', #9);
#3399=POLY_LOOP('', (#357, #422, #358));
#3400=FACE_OUTER_BOUND('', #3399, .T.);
#3401=FACE_SURFACE('', (#3400), #3402, .T.);
#3402=PLANE('', #9);
#3404=POLY_LOOP('', (#357, #421, #422));
#3405=FACE_OUTER_BOUND('', #3404, .T.);
#3406=FACE_SURFACE('', (#3405), #3407, .T.);
#3407=PLANE('', #9);
#3409=POLY_LOOP('', (#358, #423, #359));
#3410=FACE_OUTER_BOUND('', #3409, .T.);
#3411=FACE_SURFACE('', (#3410), #3412, .T.);
#3412=PLANE('', #9);
#3414=POLY_LOOP('', (#358, #422, #423));
#3415=FACE_OUTER_BOUND('', #3414, .T.);
#3416=FACE_SURFACE('', (#3415), #3417, .T.);
#3417=PLANE('', #9);
#3419=POLY_LOOP('', (#359, #424, #360));
#3420=FACE_OUTER_BOUND('', #3419, .T.);
#3421=FACE_SURFACE('', (#3420), #3422, .T.);
#3422=PLANE('', #9);
#3424=POLY_LOOP('', (#359, #423, #424));
#3425=FACE_OUTER_BOUND('', #3424, .T.);
#3426=FACE_SURFACE('', (#3425), #3427, .T.);
#3427=PLANE('', #9);
#3429=POLY_LOOP('', (#360, #425, #361));
#3430=FACE_OUTER_BOUND('', #3429, .T.);
#3431=FACE_SURFACE('', (#3430), #3432, .T.);
#3432=PLANE('', #9);
#3434=POLY_LOOP('', (#360, #424, #425));
#3435=FACE_OUTER_BOUND('', #3434, .T.);
#3436=FACE_SURFACE('', (#3435), #3437, .T.);
#3437=PLANE('', #9);
#3439=POLY_LOOP('', (#361, #426, #362));
#3440=FACE_OUTER_BOUND('', #3439, .T.);
#3441=FACE_SURFACE('', (#3440), #3442, .T.);
#3442=PLANE('', #9);
#3444=POLY_LOOP('', (#361, #425, #426));
#3445=FACE_OUTER_BOUND('', #3444, .T.);
#3446=FACE_SURFACE('', (#3445), #3447, .T.);
#3447=PLANE('', #9);
#3449=POLY_LOOP('', (#362, #427, #363));
#3450=FACE_OUTER_BOUND('', #3449, .T.);
#3451=FACE_SURFACE('', (#3450), #3452, .T.);
#3452=PLANE('', #9);
#3454=POLY_LOOP('', (#362, #426, #427));
#3455=FACE_OUTER_BOUND('', #3454, .T.);
#3456=FACE_SURFACE('', (#3455), #3457, .T.);
#3457=PLANE('', #9);
#3459=POLY_LOOP('', (#363, #428, #364));
#3460=FACE_OUTER_BOUND('', #3459, .T.);
#3461=FACE_SURFACE('', (#3460), #3462, .T.);
#3462=PLANE('', #9);
#3464=POLY_LOOP('', (#363, #427, #428));
#3465=FACE_OUTER_BOUND('', #3464, .T.);
#3466=FACE_SURFACE('', (#3465), #3467, .T.);
#3467=PLANE('', #9);
#3469=POLY_LOOP('', (#364, #429, #365));
#3470=FACE_OUTER_BOUND('', #3469, .T.);
#3471=FACE_SURFACE('', (#3470), #3472, .T.);
#3472=PLANE('', #9);
#3474=POLY_LOOP('', (#364, #428, #429));
#3475=FACE_OUTER_BOUND('', #3474, .T.);
#3476=FACE_SURFACE('', (#3475), #3477, .T.);
#3477=PLANE('', #9);
#3479=POLY_LOOP('', (#365, #430, #366));
#3480=FACE_OUTER_BOUND('', #3479, .T.);
#3481=FACE_SURFACE('', (#3480), #3482, .T.);
#3482=PLANE('', #9);
#3484=POLY_LOOP('', (#365, #429, #430));
#3485=FACE_OUTER_BOUND('', #3484, .T.);
#3486=FACE_SURFACE('', (#3485), #3487, .T.);
#3487=PLANE('', #9);
#3489=POLY_LOOP('', (#366, #431, #367));
#3490=FACE_OUTER_BOUND('', #3489, .T.);
#3491=FACE_SURFACE('', (#3490), #3492, .T.);
#3492=PLANE('', #9);
#3494=POLY_LOOP('', (#366, #430, #431));
#3495=FACE_OUTER_BOUND('', #3494, .T.);
#3496=FACE_SURFACE('', (#3495), #3497, .T.);
#3497=PLANE('', #9);
#3499=POLY_LOOP('', (#367, #432, #368));
#3500=FACE_OUTER_BOUND('', #3499, .T.);
#3501=FACE_SURFACE('', (#3500), #3502, .T.);
#3502=PLANE('', #9);
#3504=POLY_LOOP('', (#367, #431, #432));
#3505=FACE_OUTER_BOUND('', #3504, .T.);
#3506=FACE_SURFACE('', (#3505), #3507, .T.);
#3507=PLANE('', #9);
#3509=POLY_LOOP('', (#368, #433, #369));
#3510=FACE_OUTER_BOUND('', #3509, .T.);
#3511=FACE_SURFACE('', (#3510), #3512, .T.);
#3512=PLANE('', #9);
#3514=POLY_LOOP('', (#368, #432, #433));
#3515=FACE_OUTER_BOUND('', #3514, .T.);
#3516=FACE_SURFACE('', (#3515), #3517, .T.);
#3517=PLANE('', #9);
#3519=POLY_LOOP('', (#369, #434, #370));
#3520=FACE_OUTER_BOUND('', #3519, .T.);
#3521=FACE_SURFACE('', (#3520), #3522, .T.);
#3522=PLANE('', #9);
#3524=POLY_LOOP('', (#369, #433, #434));
#3525=FACE_OUTER_BOUND('', #3524, .T.);
#3526=FACE_SURFACE('', (#3525), #3527, .T.);
#3527=PLANE('', #9);
#3529=POLY_LOOP('', (#370, #435, #371));
#3530=FACE_OUTER_BOUND('', #3529, .T.);
#3531=FACE_SURFACE('', (#3530), #3532, .T.);
#3532=PLANE('', #9);
#3534=POLY_LOOP('', (#370, #434, #435));
#3535=FACE_OUTER_BOUND('', #3534, .T.);
#3536=FACE_SURFACE('', (#3535), #3537, .T.);
#3537=PLANE('', #9);
#3539=POLY_LOOP('', (#371, #436, #372));
#3540=FACE_OUTER_BOUND('', #3539, .T.);
#3541=FACE_SURFACE('', (#3540), #3542, .T.);
#3542=PLANE('', #9);
#3544=POLY_LOOP('', (#371, #435, #436));
#3545=FACE_OUTER_BOUND('', #3544, .T.);
#3546=FACE_SURFACE('', (#3545), #3547, .T.);
#3547=PLANE('', #9);
#3549=POLY_LOOP('', (#372, #437, #373));
#3550=FACE_OUTER_BOUND('', #3549, .T.);
#3551=FACE_SURFACE('', (#3550), #3552, .T.);
#3552=PLANE('', #9);
#3554=POLY_LOOP('', (#372, #436, #437));
#3555=FACE_OUTER_BOUND('', #3554, .T.);
#3556=FACE_SURFACE('', (#3555), #3557, .T.);
#3557=PLANE('', #9);
#3559=POLY_LOOP('', (#373, #438, #374));
#3560=FACE_OUTER_BOUND('', #3559, .T.);
#3561=FACE_SURFACE('', (#3560), #3562, .T.);
#3562=PLANE('', #9);
#3564=POLY_LOOP('', (#373, #437, #438));
#3565=FACE_OUTER_BOUND('', #3564, .T.);
#3566=FACE_SURFACE('', (#3565), #3567, .T.);
#3567=PLANE('', #9);
#3569=POLY_LOOP('', (#374, #439, #375));
#3570=FACE_OUTER_BOUND('', #3569, .T.);
#3571=FACE_SURFACE('', (#3570), #3572, .T.);
#3572=PLANE('', #9);
#3574=POLY_LOOP('', (#374, #438, #439));
#3575=FACE_OUTER_BOUND('', #3574, .T.);
#3576=FACE_SURFACE('', (#3575), #3577, .T.);
#3577=PLANE('', #9);
#3579=POLY_LOOP('', (#375, #440, #376));
#3580=FACE_OUTER_BOUND('', #3579, .T.);
#3581=FACE_SURFACE('', (#3580), #3582, .T.);
#3582=PLANE('', #9);
#3584=POLY_LOOP('', (#375, #439, #440));
#3585=FACE_OUTER_BOUND('', #3584, .T.);
#3586=FACE_SURFACE('', (#3585), #3587, .T.);
#3587=PLANE('', #9);
#3589=POLY_LOOP('', (#376, #441, #377));
#3590=FACE_OUTER_BOUND('', #3589, .T.);
#3591=FACE_SURFACE('', (#3590), #3592, .T.);
#3592=PLANE('', #9);
#3594=POLY_LOOP('', (#376, #440, #441));
#3595=FACE_OUTER_BOUND('', #3594, .T.);
#3596=FACE_SURFACE('', (#3595), #3597, .T.);
#3597=PLANE('', #9);
#3599=POLY_LOOP('', (#377, #442, #378));
#3600=FACE_OUTER_BOUND('', #3599, .T.);
#3601=FACE_SURFACE('', (#3600), #3602, .T.);
#3602=PLANE('', #9);
#3604=POLY_LOOP('', (#377, #441, #442));
#3605=FACE_OUTER_BOUND('', #3604, .T.);
#3606=FACE_SURFACE('', (#3605), #3607, .T.);
#3607=PLANE('', #9);
#3609=POLY_LOOP('', (#378, #443, #379));
#3610=FACE_OUTER_BOUND('', #3609, .T.);
#3611=FACE_SURFACE('', (#3610), #3612, .T.);
#3612=PLANE('', #9);
#3614=POLY_LOOP('', (#378, #442, #443));
#3615=FACE_OUTER_BOUND('', #3614, .T.);
#3616=FACE_SURFACE('', (#3615), #3617, .T.);
#3617=PLANE('', #9);
#3619=POLY_LOOP('', (#379, #444, #380));
#3620=FACE_OUTER_BOUND('', #3619, .T.);
#3621=FACE_SURFACE('', (#3620), #3622, .T.);
#3622=PLANE('', #9);
#3624=POLY_LOOP('', (#379, #443, #444));
#3625=FACE_OUTER_BOUND('', #3624, .T.);
#3626=FACE_SURFACE('', (#3625), #3627, .T.);
#3627=PLANE('', #9);
#3629=POLY_LOOP('', (#380, #445, #381));
#3630=FACE_OUTER_BOUND('', #3629, .T.);
#3631=FACE_SURFACE('', (#3630), #3632, .T.);
#3632=PLANE('', #9);
#3634=POLY_LOOP('', (#380, #444, #445));
#3635=FACE_OUTER_BOUND('', #3634, .T.);
#3636=FACE_SURFACE('', (#3635), #3637, .T.);
#3637=PLANE('', #9);
#3639=POLY_LOOP('', (#381, #446, #382));
#3640=FACE_OUTER_BOUND('', #3639, .T.);
#3641=FACE_SURFACE('', (#3640), #3642, .T.);
#3642=PLANE('', #9);
#3644=POLY_LOOP('', (#381, #445, #446));
#3645=FACE_OUTER_BOUND('', #3644, .T.);
#3646=FACE_SURFACE('', (#3645), #3647, .T.);
#3647=PLANE('', #9);
#3649=POLY_LOOP('', (#382, #447, #383));
#3650=FACE_OUTER_BOUND('', #3649, .T.);
#3651=FACE_SURFACE('', (#3650), #3652, .T.);
#3652=PLANE('', #9);
#3654=POLY_LOOP('', (#382, #446, #447));
#3655=FACE_OUTER_BOUND('', #3654, .T.);
#3656=FACE_SURFACE('', (#3655), #3657, .T.);
#3657=PLANE('', #9);
#3659=POLY_LOOP('', (#383, #448, #384));
#3660=FACE_OUTER_BOUND('', #3659, .T.);
#3661=FACE_SURFACE('', (#3660), #3662, .T.);
#3662=PLANE('', #9);
#3664=POLY_LOOP('', (#383, #447, #448));
#3665=FACE_OUTER_BOUND('', #3664, .T.);
#3666=FACE_SURFACE('', (#3665), #3667, .T.);
#3667=PLANE('', #9);
#3669=POLY_LOOP('', (#384, #449, #385));
#3670=FACE_OUTER_BOUND('', #3669, .T.);
#3671=FACE_SURFACE('', (#3670), #3672, .T.);
#3672=PLANE('', #9);
#3674=POLY_LOOP('', (#384, #448, #449));
#3675=FACE_OUTER_BOUND('', #3674, .T.);
#3676=FACE_SURFACE('', (#3675), #3677, .T.);
#3677=PLANE('', #9);
#3679=POLY_LOOP('', (#385, #450, #386));
#3680=FACE_OUTER_BOUND('', #3679, .T.);
#3681=FACE_SURFACE('', (#3680), #3682, .T.);
#3682=PLANE('', #9);
#3684=POLY_LOOP('', (#385, #449, #450));
#3685=FACE_OUTER_BOUND('', #3684, .T.);
#3686=FACE_SURFACE('', (#3685), #3687, .T.);
#3687=PLANE('', #9);
#3689=POLY_LOOP('', (#386, #451, #387));
#3690=FACE_OUTER_BOUND('', #3689, .T.);
#3691=FACE_SURFACE('', (#3690), #3692, .T.);
#3692=PLANE('', #9);
#3694=POLY_LOOP('', (#386, #450, #451));
#3695=FACE_OUTER_BOUND('', #3694, .T.);
#3696=FACE_SURFACE('', (#3695), #3697, .T.);
#3697=PLANE('', #9);
#3699=POLY_LOOP('', (#387, #452, #388));
#3700=FACE_OUTER_BOUND('', #3699, .T.);
#3701=FACE_SURFACE('', (#3700), #3702, .T.);
#3702=PLANE('', #9);
#3704=POLY_LOOP('', (#387, #451, #452));
#3705=FACE_OUTER_BOUND('', #3704, .T.);
#3706=FACE_SURFACE('', (#3705), #3707, .T.);
#3707=PLANE('', #9);
#3709=POLY_LOOP('', (#388, #453, #389));
#3710=FACE_OUTER_BOUND('', #3709, .T.);
#3711=FACE_SURFACE('', (#3710), #3712, .T.);
#3712=PLANE('', #9);
#3714=POLY_LOOP('', (#388, #452, #453));
#3715=FACE_OUTER_BOUND('', #3714, .T.);
#3716=FACE_SURFACE('', (#3715), #3717, .T.);
#3717=PLANE('', #9);
#3719=POLY_LOOP('', (#389, #454, #390));
#3720=FACE_OUTER_BOUND('', #3719, .T.);
#3721=FACE_SURFACE('', (#3720), #3722, .T.);
#3722=PLANE('', #9);
#3724=POLY_LOOP('', (#389, #453, #454));
#3725=FACE_OUTER_BOUND('', #3724, .T.);
#3726=FACE_SURFACE('', (#3725), #3727, .T.);
#3727=PLANE('', #9);
#3729=POLY_LOOP('', (#390, #455, #391));
#3730=FACE_OUTER_BOUND('', #3729, .T.);
#3731=FACE_SURFACE('', (#3730), #3732, .T.);
#3732=PLANE('', #9);
#3734=POLY_LOOP('', (#390, #454, #455));
#3735=FACE_OUTER_BOUND('', #3734, .T.);
#3736=FACE_SURFACE('', (#3735), #3737, .T.);
#3737=PLANE('', #9);
#3739=POLY_LOOP('', (#391, #456, #392));
#3740=FACE_OUTER_BOUND('', #3739, .T.);
#3741=FACE_SURFACE('', (#3740), #3742, .T.);
#3742=PLANE('', #9);
#3744=POLY_LOOP('', (#391, #455, #456));
#3745=FACE_OUTER_BOUND('', #3744, .T.);
#3746=FACE_SURFACE('', (#3745), #3747, .T.);
#3747=PLANE('', #9);
#3749=POLY_LOOP('', (#392, #457, #393));
#3750=FACE_OUTER_BOUND('', #3749, .T.);
#3751=FACE_SURFACE('', (#3750), #3752, .T.);
#3752=PLANE('', #9);
#3754=POLY_LOOP('', (#392, #456, #457));
#3755=FACE_OUTER_BOUND('', #3754, .T.);
#3756=FACE_SURFACE('', (#3755), #3757, .T.);
#3757=PLANE('', #9);
#3759=POLY_LOOP('', (#393, #458, #394));
#3760=FACE_OUTER_BOUND('', #3759, .T.);
#3761=FACE_SURFACE('', (#3760), #3762, .T.);
#3762=PLANE('', #9);
#3764=POLY_LOOP('', (#393, #457, #458));
#3765=FACE_OUTER_BOUND('', #3764, .T.);
#3766=FACE_SURFACE('', (#3765), #3767, .T.);
#3767=PLANE('', #9);
#3769=POLY_LOOP('', (#394, #459, #395));
#3770=FACE_OUTER_BOUND('', #3769, .T.);
#3771=FACE_SURFACE('', (#3770), #3772, .T.);
#3772=PLANE('', #9);
#3774=POLY_LOOP('', (#394, #458, #459));
#3775=FACE_OUTER_BOUND('', #3774, .T.);
#3776=FACE_SURFACE('', (#3775), #3777, .T.);
#3777=PLANE('', #9);
#3779=POLY_LOOP('', (#395, #460, #396));
#3780=FACE_OUTER_BOUND('', #3779, .T.);
#3781=FACE_SURFACE('', (#3780), #3782, .T.);
#3782=PLANE('', #9);
#3784=POLY_LOOP('', (#395, #459, #460));
#3785=FACE_OUTER_BOUND('', #3784, .T.);
#3786=FACE_SURFACE('', (#3785), #3787, .T.);
#3787=PLANE('', #9);
#3789=POLY_LOOP('', (#396, #461, #397));
#3790=FACE_OUTER_BOUND('', #3789, .T.);
#3791=FACE_SURFACE('', (#3790), #3792, .T.);
#3792=PLANE('', #9);
#3794=POLY_LOOP('', (#396, #460, #461));
#3795=FACE_OUTER_BOUND('', #3794, .T.);
#3796=FACE_SURFACE('', (#3795), #3797, .T.);
#3797=PLANE('', #9);
#3799=POLY_LOOP('', (#397, #462, #398));
#3800=FACE_OUTER_BOUND('', #3799, .T.);
#3801=FACE_SURFACE('', (#3800), #3802, .T.);
#3802=PLANE('', #9);
#3804=POLY_LOOP('', (#397, #461, #462));
#3805=FACE_OUTER_BOUND('', #3804, .T.);
#3806=FACE_SURFACE('', (#3805), #3807, .T.);
#3807=PLANE('', #9);
#3809=POLY_LOOP('', (#398, #463, #399));
#3810=FACE_OUTER_BOUND('', #3809, .T.);
#3811=FACE_SURFACE('', (#3810), #3812, .T.);
#3812=PLANE('', #9);
#3814=POLY_LOOP('', (#398, #462, #463));
#3815=FACE_OUTER_BOUND('', #3814, .T.);
#3816=FACE_SURFACE('', (#3815), #3817, .T.);
#3817=PLANE('', #9);
#3819=POLY_LOOP('', (#399, #464, #400));
#3820=FACE_OUTER_BOUND('', #3819, .T.);
#3821=FACE_SURFACE('', (#3820), #3822, .T.);
#3822=PLANE('', #9);
#3824=POLY_LOOP('', (#399, #463, #464));
#3825=FACE_OUTER_BOUND('', #3824, .T.);
#3826=FACE_SURFACE('', (#3825), #3827, .T.);
#3827=PLANE('', #9);
#3829=POLY_LOOP('', (#400, #465, #401));
#3830=FACE_OUTER_BOUND('', #3829, .T.);
#3831=FACE_SURFACE('', (#3830), #3832, .T.);
#3832=PLANE('', #9);
#3834=POLY_LOOP('', (#400, #464, #465));
#3835=FACE_OUTER_BOUND('', #3834, .T.);
#3836=FACE_SURFACE('', (#3835), #3837, .T.);
#3837=PLANE('', #9);
#3839=POLY_LOOP('', (#401, #466, #402));
#3840=FACE_OUTER_BOUND('', #3839, .T.);
#3841=FACE_SURFACE('', (#3840), #3842, .T.);
#3842=PLANE('', #9);
#3844=POLY_LOOP('', (#401, #465, #466));
#3845=FACE_OUTER_BOUND('', #3844, .T.);
#3846=FACE_SURFACE('', (#3845), #3847, .T.);
#3847=PLANE('', #9);
#3849=POLY_LOOP('', (#402, #403, #339));
#3850=FACE_OUTER_BOUND('', #3849, .T.);
#3851=FACE_SURFACE('', (#3850), #3852, .T.);
#3852=PLANE('', #9);
#3854=POLY_LOOP('', (#402, #466, #403));
#3855=FACE_OUTER_BOUND('', #3854, .T.);
#3856=FACE_SURFACE('', (#3855), #3857, .T.);
#3857=PLANE('', #9);
#3859=POLY_LOOP('', (#403, #468, #404));
#3860=FACE_OUTER_BOUND('', #3859, .T.);
#3861=FACE_SURFACE('', (#3860), #3862, .T.);
#3862=PLANE('', #9);
#3864=POLY_LOOP('', (#403, #467, #468));
#3865=FACE_OUTER_BOUND('', #3864, .T.);
#3866=FACE_SURFACE('', (#3865), #3867, .T.);
#3867=PLANE('', #9);
#3869=POLY_LOOP('', (#404, #469, #405));
#3870=FACE_OUTER_BOUND('', #3869, .T.);
#3871=FACE_SURFACE('', (#3870), #3872, .T.);
#3872=PLANE('', #9);
#3874=POLY_LOOP('', (#404, #468, #469));
#3875=FACE_OUTER_BOUND('', #3874, .T.);
#3876=FACE_SURFACE('', (#3875), #3877, .T.);
#3877=PLANE('', #9);
#3879=POLY_LOOP('', (#405, #470, #406));
#3880=FACE_OUTER_BOUND('', #3879, .T.);
#3881=FACE_SURFACE('', (#3880), #3882, .T.);
#3882=PLANE('', #9);
#3884=POLY_LOOP('', (#405, #469, #470));
#3885=FACE_OUTER_BOUND('', #3884, .T.);
#3886=FACE_SURFACE('', (#3885), #3887, .T.);
#3887=PLANE('', #9);
#3889=POLY_LOOP('', (#406, #471, #407));
#3890=FACE_OUTER_BOUND('', #3889, .T.);
#3891=FACE_SURFACE('', (#3890), #3892, .T.);
#3892=PLANE('', #9);
#3894=POLY_LOOP('', (#406, #470, #471));
#3895=FACE_OUTER_BOUND('', #3894, .T.);
#3896=FACE_SURFACE('', (#3895), #3897, .T.);
#3897=PLANE('', #9);
#3899=POLY_LOOP('', (#407, #472, #408));
#3900=FACE_OUTER_BOUND('', #3899, .T.);
#3901=FACE_SURFACE('', (#3900), #3902, .T.);
#3902=PLANE('', #9);
#3904=POLY_LOOP('', (#407, #471, #472));
#3905=FACE_OUTER_BOUND('', #3904, .T.);
#3906=FACE_SURFACE('', (#3905), #3907, .T.);
#3907=PLANE('', #9);
#3909=POLY_LOOP('', (#408, #473, #409));
#3910=FACE_OUTER_BOUND('', #3909, .T.);
#3911=FACE_SURFACE('', (#3910), #3912, .T.);
#3912=PLANE('', #9);
#3914=POLY_LOOP('', (#408, #472, #473));
#3915=FACE_OUTER_BOUND('', #3914, .T.);
#3916=FACE_SURFACE('', (#3915), #3917, .T.);
#3917=PLANE('', #9);
#3919=POLY_LOOP('', (#409, #474, #410));
#3920=FACE_OUTER_BOUND('', #3919, .T.);
#3921=FACE_SURFACE('', (#3920), #3922, .T.);
#3922=PLANE('', #9);
#3924=POLY_LOOP('', (#409, #473, #474));
#3925=FACE_OUTER_BOUND('', #3924, .T.);
#3926=FACE_SURFACE('', (#3925), #3927, .T.);
#3927=PLANE('', #9);
#3929=POLY_LOOP('', (#410, #475, #411));
#3930=FACE_OUTER_BOUND('', #3929, .T.);
#3931=FACE_SURFACE('', (#3930), #3932, .T.);
#3932=PLANE('', #9);
#3934=POLY_LOOP('', (#410, #474, #475));
#3935=FACE_OUTER_BOUND('', #3934, .T.);
#3936=FACE_SURFACE('', (#3935), #3937, .T.);
#3937=PLANE('', #9);
#3939=POLY_LOOP('', (#411, #476, #412));
#3940=FACE_OUTER_BOUND('', #3939, .T.);
#3941=FACE_SURFACE('', (#3940), #3942, .T.);
#3942=PLANE('', #9);
#3944=POLY_LOOP('', (#411, #475, #476));
#3945=FACE_OUTER_BOUND('', #3944, .T.);
#3946=FACE_SURFACE('', (#3945), #3947, .T.);
#3947=PLANE('', #9);
#3949=POLY_LOOP('', (#412, #477, #413));
#3950=FACE_OUTER_BOUND('', #3949, .T.);
#3951=FACE_SURFACE('', (#3950), #3952, .T.);
#3952=PLANE('', #9);
#3954=POLY_LOOP('', (#412, #476, #477));
#3955=FACE_OUTER_BOUND('', #3954, .T.);
#3956=FACE_SURFACE('', (#3955), #3957, .T.);
#3957=PLANE('', #9);
#3959=POLY_LOOP('', (#413, #478, #414));
#3960=FACE_OUTER_BOUND('', #3959, .T.);
#3961=FACE_SURFACE('', (#3960), #3962, .T.);
#3962=PLANE('', #9);
#3964=POLY_LOOP('', (#413, #477, #478));
#3965=FACE_OUTER_BOUND('', #3964, .T.);
#3966=FACE_SURFACE('', (#3965), #3967, .T.);
#3967=PLANE('', #9);
#3969=POLY_LOOP('', (#414, #479, #415));
#3970=FACE_OUTER_BOUND('', #3969, .T.);
#3971=FACE_SURFACE('', (#3970), #3972, .T.);
#3972=PLANE('', #9);
#3974=POLY_LOOP('', (#414, #478, #479));
#3975=FACE_OUTER_BOUND('', #3974, .T.);
#3976=FACE_SURFACE('', (#3975), #3977, .T.);
#3977=PLANE('', #9);
#3979=POLY_LOOP('', (#415, #480, #416));
#3980=FACE_OUTER_BOUND('', #3979, .T.);
#3981=FACE_SURFACE('', (#3980), #3982, .T.);
#3982=PLANE('', #9);
#3984=POLY_LOOP('', (#415, #479, #480));
#3985=FACE_OUTER_BOUND('', #3984, .T.);
#3986=FACE_SURFACE('', (#3985), #3987, .T.);
#3987=PLANE('', #9);
#3989=POLY_LOOP('', (#416, #481, #417));
#3990=FACE_OUTER_BOUND('', #3989, .T.);
#3991=FACE_SURFACE('', (#3990), #3992, .T.);
#3992=PLANE('', #9);
#3994=POLY_LOOP('', (#416, #480, #481));
#3995=FACE_OUTER_BOUND('', #3994, .T.);
#3996=FACE_SURFACE('', (#3995), #3997, .T.);
#3997=PLANE('', #9);
#3999=POLY_LOOP('', (#417, #482, #418));
#4000=FACE_OUTER_BOUND('', #3999, .T.);
#4001=FACE_SURFACE('', (#4000), #4002, .T.);
#4002=PLANE('', #9);
#4004=POLY_LOOP('', (#417, #481, #482));
#4005=FACE_OUTER_BOUND('', #4004, .T.);
#4006=FACE_SURFACE('', (#4005), #4007, .T.);
#4007=PLANE('', #9);
#4009=POLY_LOOP('', (#418, #483, #419));
#4010=FACE_OUTER_BOUND('', #4009, .T.);
#4011=FACE_SURFACE('', (#4010), #4012, .T.);
#4012=PLANE('', #9);
#4014=POLY_LOOP('', (#418, #482, #483));
#4015=FACE_OUTER_BOUND('', #4014, .T.);
#4016=FACE_SURFACE('', (#4015), #4017, .T.);
#4017=PLANE('', #9);
#4019=POLY_LOOP('', (#419, #484, #420));
#4020=FACE_OUTER_BOUND('', #4019, .T.);
#4021=FACE_SURFACE('', (#4020), #4022, .T.);
#4022=PLANE('', #9);
#4024=POLY_LOOP('', (#419, #483, #484));
#4025=FACE_OUTER_BOUND('', #4024, .T.);
#4026=FACE_SURFACE('', (#4025), #4027, .T.);
#4027=PLANE('', #9);
#4029=POLY_LOOP('', (#420, #485, #421));
#4030=FACE_OUTER_BOUND('', #4029, .T.);
#4031=FACE_SURFACE('', (#4030), #4032, .T.);
#4032=PLANE('', #9);
#4034=POLY_LOOP('', (#420, #484, #485));
#4035=FACE_OUTER_BOUND('', #4034, .T.);
#4036=FACE_SURFACE('', (#4035), #4037, .T.);
#4037=PLANE('', #9);
#4039=POLY_LOOP('', (#421, #486, #422));
#4040=FACE_OUTER_BOUND('', #4039, .T.);
#4041=FACE_SURFACE('', (#4040), #4042, .T.);
#4042=PLANE('', #9);
#4044=POLY_LOOP('', (#421, #485, #486));
#4045=FACE_OUTER_BOUND('', #4044, .T.);
#4046=FACE_SURFACE('', (#4045), #4047, .T.);
#4047=PLANE('', #9);
#4049=POLY_LOOP('', (#422, #487, #423));
#4050=FACE_OUTER_BOUND('', #4049, .T.);
#4051=FACE_SURFACE('', (#4050), #4052, .T.);
#4052=PLANE('', #9);
#4054=POLY_LOOP('', (#422, #486, #487));
#4055=FACE_OUTER_BOUND('', #4054, .T.);
#4056=FACE_SURFACE('', (#4055), #4057, .T.);
#4057=PLANE('', #9);
#4059=POLY_LOOP('', (#423, #488, #424));
#4060=FACE_OUTER_BOUND('', #4059, .T.);
#4061=FACE_SURFACE('', (#4060), #4062, .T.);
#4062=PLANE('', #9);
#4064=POLY_LOOP('', (#423, #487, #488));
#4065=FACE_OUTER_BOUND('', #4064, .T.);
#4066=FACE_SURFACE('', (#4065), #4067, .T.);
#4067=PLANE('', #9);
#4069=POLY_LOOP('', (#424, #489, #425));
#4070=FACE_OUTER_BOUND('', #4069, .T.);
#4071=FACE_SURFACE('', (#4070), #4072, .T.);
#4072=PLANE('', #9);
#4074=POLY_LOOP('', (#424, #488, #489));
#4075=FACE_OUTER_BOUND('', #4074, .T.);
#4076=FACE_SURFACE('', (#4075), #4077, .T.);
#4077=PLANE('', #9);
#4079=POLY_LOOP('', (#425, #490, #426));
#4080=FACE_OUTER_BOUND('', #4079, .T.);
#4081=FACE_SURFACE('', (#4080), #4082, .T.);
#4082=PLANE('', #9);
#4084=POLY_LOOP('', (#425, #489, #490));
#4085=FACE_OUTER_BOUND('', #4084, .T.);
#4086=FACE_SURFACE('', (#4085), #4087, .T.);
#4087=PLANE('', #9);
#4089=POLY_LOOP('', (#426, #491, #427));
#4090=FACE_OUTER_BOUND('', #4089, .T.);
#4091=FACE_SURFACE('', (#4090), #4092, .T.);
#4092=PLANE('', #9);
#4094=POLY_LOOP('', (#426, #490, #491));
#4095=FACE_OUTER_BOUND('', #4094, .T.);
#4096=FACE_SURFACE('', (#4095), #4097, .T.);
#4097=PLANE('', #9);
#4099=POLY_LOOP('', (#427, #492, #428));
#4100=FACE_OUTER_BOUND('', #4099, .T.);
#4101=FACE_SURFACE('', (#4100), #4102, .T.);
#4102=PLANE('', #9);
#4104=POLY_LOOP('', (#427, #491, #492));
#4105=FACE_OUTER_BOUND('', #4104, .T.);
#4106=FACE_SURFACE('', (#4105), #4107, .T.);
#4107=PLANE('', #9);
#4109=POLY_LOOP('', (#428, #493, #429));
#4110=FACE_OUTER_BOUND('', #4109, .T.);
#4111=FACE_SURFACE('', (#4110), #4112, .T.);
#4112=PLANE('', #9);
#4114=POLY_LOOP('', (#428, #492, #493));
#4115=FACE_OUTER_BOUND('', #4114, .T.);
#4116=FACE_SURFACE('', (#4115), #4117, .T.);
#4117=PLANE('', #9);
#4119=POLY_LOOP('', (#429, #494, #430));
#4120=FACE_OUTER_BOUND('', #4119, .T.);
#4121=FACE_SURFACE('', (#4120), #4122, .T.);
#4122=PLANE('', #9);
#4124=POLY_LOOP('', (#429, #493, #494));
#4125=FACE_OUTER_BOUND('', #4124, .T.);
#4126=FACE_SURFACE('', (#4125), #4127, .T.);
#4127=PLANE('', #9);
#4129=POLY_LOOP('', (#430, #495, #431));
#4130=FACE_OUTER_BOUND('', #4129, .T.);
#4131=FACE_SURFACE('', (#4130), #4132, .T.);
#4132=PLANE('', #9);
#4134=POLY_LOOP('', (#430, #494, #495));
#4135=FACE_OUTER_BOUND('', #4134, .T.);
#4136=FACE_SURFACE('', (#4135), #4137, .T.);
#4137=PLANE('', #9);
#4139=POLY_LOOP('', (#431, #496, #432));
#4140=FACE_OUTER_BOUND('', #4139, .T.);
#4141=FACE_SURFACE('', (#4140), #4142, .T.);
#4142=PLANE('', #9);
#4144=POLY_LOOP('', (#431, #495, #496));
#4145=FACE_OUTER_BOUND('', #4144, .T.);
#4146=FACE_SURFACE('', (#4145), #4147, .T.);
#4147=PLANE('', #9);
#4149=POLY_LOOP('', (#432, #497, #433));
#4150=FACE_OUTER_BOUND('', #4149, .T.);
#4151=FACE_SURFACE('', (#4150), #4152, .T.);
#4152=PLANE('', #9);
#4154=POLY_LOOP('', (#432, #496, #497));
#4155=FACE_OUTER_BOUND('', #4154, .T.);
#4156=FACE_SURFACE('', (#4155), #4157, .T.);
#4157=PLANE('', #9);
#4159=POLY_LOOP('', (#433, #498, #434));
#4160=FACE_OUTER_BOUND('', #4159, .T.);
#4161=FACE_SURFACE('', (#4160), #4162, .T.);
#4162=PLANE('', #9);
#4164=POLY_LOOP('', (#433, #497, #498));
#4165=FACE_OUTER_BOUND('', #4164, .T.);
#4166=FACE_SURFACE('', (#4165), #4167, .T.);
#4167=PLANE('', #9);
#4169=POLY_LOOP('', (#434, #499, #435));
#4170=FACE_OUTER_BOUND('', #4169, .T.);
#4171=FACE_SURFACE('', (#4170), #4172, .T.);
#4172=PLANE('', #9);
#4174=POLY_LOOP('', (#434, #498, #499));
#4175=FACE_OUTER_BOUND('', #4174, .T.);
#4176=FACE_SURFACE('', (#4175), #4177, .T.);
#4177=PLANE('', #9);
#4179=POLY_LOOP('', (#435, #500, #436));
#4180=FACE_OUTER_BOUND('', #4179, .T.);
#4181=FACE_SURFACE('', (#4180), #4182, .T.);
#4182=PLANE('', #9);
#4184=POLY_LOOP('', (#435, #499, #500));
#4185=FACE_OUTER_BOUND('', #4184, .T.);
#4186=FACE_SURFACE('', (#4185), #4187, .T.);
#4187=PLANE('', #9);
#4189=POLY_LOOP('', (#436, #501, #437));
#4190=FACE_OUTER_BOUND('', #4189, .T.);
#4191=FACE_SURFACE('', (#4190), #4192, .T.);
#4192=PLANE('', #9);
#4194=POLY_LOOP('', (#436, #500, #501));
#4195=FACE_OUTER_BOUND('', #4194, .T.);
#4196=FACE_SURFACE('', (#4195), #4197, .T.);
#4197=PLANE('', #9);
#4199=POLY_LOOP('', (#437, #502, #438));
#4200=FACE_OUTER_BOUND('', #4199, .T.);
#4201=FACE_SURFACE('', (#4200), #4202, .T.);
#4202=PLANE('', #9);
#4204=POLY_LOOP('', (#437, #501, #502));
#4205=FACE_OUTER_BOUND('', #4204, .T.);
#4206=FACE_SURFACE('', (#4205), #4207, .T.);
#4207=PLANE('', #9);
#4209=POLY_LOOP('', (#438, #503, #439));
#4210=FACE_OUTER_BOUND('', #4209, .T.);
#4211=FACE_SURFACE('', (#4210), #4212, .T.);
#4212=PLANE('', #9);
#4214=POLY_LOOP('', (#438, #502, #503));
#4215=FACE_OUTER_BOUND('', #4214, .T.);
#4216=FACE_SURFACE('', (#4215), #4217, .T.);
#4217=PLANE('', #9);
#4219=POLY_LOOP('', (#439, #504, #440));
#4220=FACE_OUTER_BOUND('', #4219, .T.);
#4221=FACE_SURFACE('', (#4220), #4222, .T.);
#4222=PLANE('', #9);
#4224=POLY_LOOP('', (#439, #503, #504));
#4225=FACE_OUTER_BOUND('', #4224, .T.);
#4226=FACE_SURFACE('', (#4225), #4227, .T.);
#4227=PLANE('', #9);
#4229=POLY_LOOP('', (#440, #505, #441));
#4230=FACE_OUTER_BOUND('', #4229, .T.);
#4231=FACE_SURFACE('', (#4230), #4232, .T.);
#4232=PLANE('', #9);
#4234=POLY_LOOP('', (#440, #504, #505));
#4235=FACE_OUTER_BOUND('', #4234, .T.);
#4236=FACE_SURFACE('', (#4235), #4237, .T.);
#4237=PLANE('', #9);
#4239=POLY_LOOP('', (#441, #506, #442));
#4240=FACE_OUTER_BOUND('', #4239, .T.);
#4241=FACE_SURFACE('', (#4240), #4242, .T.);
#4242=PLANE('', #9);
#4244=POLY_LOOP('', (#441, #505, #506));
#4245=FACE_OUTER_BOUND('', #4244, .T.);
#4246=FACE_SURFACE('', (#4245), #4247, .T.);
#4247=PLANE('', #9);
#4249=POLY_LOOP('', (#442, #507, #443));
#4250=FACE_OUTER_BOUND('', #4249, .T.);
#4251=FACE_SURFACE('', (#4250), #4252, .T.);
#4252=PLANE('', #9);
#4254=POLY_LOOP('', (#442, #506, #507));
#4255=FACE_OUTER_BOUND('', #4254, .T.);
#4256=FACE_SURFACE('', (#4255), #4257, .T.);
#4257=PLANE('', #9);
#4259=POLY_LOOP('', (#443, #508, #444));
#4260=FACE_OUTER_BOUND('', #4259, .T.);
#4261=FACE_SURFACE('', (#4260), #4262, .T.);
#4262=PLANE('', #9);
#4264=POLY_LOOP('', (#443, #507, #508));
#4265=FACE_OUTER_BOUND('', #4264, .T.);
#4266=FACE_SURFACE('', (#4265), #4267, .T.);
#4267=PLANE('', #9);
#4269=POLY_LOOP('', (#444, #509, #445));
#4270=FACE_OUTER_BOUND('', #4269, .T.);
#4271=FACE_SURFACE('', (#4270), #4272, .T.);
#4272=PLANE('', #9);
#4274=POLY_LOOP('', (#444, #508, #509));
#4275=FACE_OUTER_BOUND('', #4274, .T.);
#4276=FACE_SURFACE('', (#4275), #4277, .T.);
#4277=PLANE('', #9);
#4279=POLY_LOOP('', (#445, #510, #446));
#4280=FACE_OUTER_BOUND('', #4279, .T.);
#4281=FACE_SURFACE('', (#4280), #4282, .T.);
#4282=PLANE('', #9);
#4284=POLY_LOOP('', (#445, #509, #510));
#4285=FACE_OUTER_BOUND('', #4284, .T.);
#4286=FACE_SURFACE('', (#4285), #4287, .T.);
#4287=PLANE('', #9);
#4289=POLY_LOOP('', (#446, #511, #447));
#4290=FACE_OUTER_BOUND('', #4289, .T.);
#4291=FACE_SURFACE('', (#4290), #4292, .T.);
#4292=PLANE('', #9);
#4294=POLY_LOOP('', (#446, #510, #511));
#4295=FACE_OUTER_BOUND('', #4294, .T.);
#4296=FACE_SURFACE('', (#4295), #4297, .T.);
#4297=PLANE('', #9);
#4299=POLY_LOOP('', (#447, #512, #448));
#4300=FACE_OUTER_BOUND('', #4299, .T.);
#4301=FACE_SURFACE('', (#4300), #4302, .T.);
#4302=PLANE('', #9);
#4304=POLY_LOOP('', (#447, #511, #512));
#4305=FACE_OUTER_BOUND('', #4304, .T.);
#4306=FACE_SURFACE('', (#4305), #4307, .T.);
#4307=PLANE('', #9);
#4309=POLY_LOOP('', (#448, #513, #449));
#4310=FACE_OUTER_BOUND('', #4309, .T.);
#4311=FACE_SURFACE('', (#4310), #4312, .T.);
#4312=PLANE('', #9);
#4314=POLY_LOOP('', (#448, #512, #513));
#4315=FACE_OUTER_BOUND('', #4314, .T.);
#4316=FACE_SURFACE('', (#4315), #4317, .T.);
#4317=PLANE('', #9);
#4319=POLY_LOOP('', (#449, #514, #450));
#4320=FACE_OUTER_BOUND('', #4319, .T.);
#4321=FACE_SURFACE('', (#4320), #4322, .T.);
#4322=PLANE('', #9);
#4324=POLY_LOOP('', (#449, #513, #514));
#4325=FACE_OUTER_BOUND('', #4324, .T.);
#4326=FACE_SURFACE('', (#4325), #4327, .T.);
#4327=PLANE('', #9);
#4329=POLY_LOOP('', (#450, #515, #451));
#4330=FACE_OUTER_BOUND('', #4329, .T.);
#4331=FACE_SURFACE('', (#4330), #4332, .T.);
#4332=PLANE('', #9);
#4334=POLY_LOOP('', (#450, #514, #515));
#4335=FACE_OUTER_BOUND('', #4334, .T.);
#4336=FACE_SURFACE('', (#4335), #4337, .T.);
#4337=PLANE('', #9);
#4339=POLY_LOOP('', (#451, #516, #452));
#4340=FACE_OUTER_BOUND('', #4339, .T.);
#4341=FACE_SURFACE('', (#4340), #4342, .T.);
#4342=PLANE('', #9);
#4344=POLY_LOOP('', (#451, #515, #516));
#4345=FACE_OUTER_BOUND('', #4344, .T.);
#4346=FACE_SURFACE('', (#4345), #4347, .T.);
#4347=PLANE('', #9);
#4349=POLY_LOOP('', (#452, #517, #453));
#4350=FACE_OUTER_BOUND('', #4349, .T.);
#4351=FACE_SURFACE('', (#4350), #4352, .T.);
#4352=PLANE('', #9);
#4354=POLY_LOOP('', (#452, #516, #517));
#4355=FACE_OUTER_BOUND('', #4354, .T.);
#4356=FACE_SURFACE('', (#4355), #4357, .T.);
#4357=PLANE('', #9);
#4359=POLY_LOOP('', (#453, #518, #454));
#4360=FACE_OUTER_BOUND('', #4359, .T.);
#4361=FACE_SURFACE('', (#4360), #4362, .T.);
#4362=PLANE('', #9);
#4364=POLY_LOOP('', (#453, #517, #518));
#4365=FACE_OUTER_BOUND('', #4364, .T.);
#4366=FACE_SURFACE('', (#4365), #4367, .T.);
#4367=PLANE('', #9);
#4369=POLY_LOOP('', (#454, #519, #455));
#4370=FACE_OUTER_BOUND('', #4369, .T.);
#4371=FACE_SURFACE('', (#4370), #4372, .T.);
#4372=PLANE('', #9);
#4374=POLY_LOOP('', (#454, #518, #519));
#4375=FACE_OUTER_BOUND('', #4374, .T.);
#4376=FACE_SURFACE('', (#4375), #4377, .T.);
#4377=PLANE('', #9);
#4379=POLY_LOOP('', (#455, #520, #456));
#4380=FACE_OUTER_BOUND('', #4379, .T.);
#4381=FACE_SURFACE('', (#4380), #4382, .T.);
#4382=PLANE('', #9);
#4384=POLY_LOOP('', (#455, #519, #520));
#4385=FACE_OUTER_BOUND('', #4384, .T.);
#4386=FACE_SURFACE('', (#4385), #4387, .T.);
#4387=PLANE('', #9);
#4389=POLY_LOOP('', (#456, #521, #457));
#4390=FACE_OUTER_BOUND('', #4389, .T.);
#4391=FACE_SURFACE('', (#4390), #4392, .T.);
#4392=PLANE('', #9);
#4394=POLY_LOOP('', (#456, #520, #521));
#4395=FACE_OUTER_BOUND('', #4394, .T.);
#4396=FACE_SURFACE('', (#4395), #4397, .T.);
#4397=PLANE('', #9);
#4399=POLY_LOOP('', (#457, #522, #458));
#4400=FACE_OUTER_BOUND('', #4399, .T.);
#4401=FACE_SURFACE('', (#4400), #4402, .T.);
#4402=PLANE('', #9);
#4404=POLY_LOOP('', (#457, #521, #522));
#4405=FACE_OUTER_BOUND('', #4404, .T.);
#4406=FACE_SURFACE('', (#4405), #4407, .T.);
#4407=PLANE('', #9);
#4409=POLY_LOOP('', (#458, #523, #459));
#4410=FACE_OUTER_BOUND('', #4409, .T.);
#4411=FACE_SURFACE('', (#4410), #4412, .T.);
#4412=PLANE('', #9);
#4414=POLY_LOOP('', (#458, #522, #523));
#4415=FACE_OUTER_BOUND('', #4414, .T.);
#4416=FACE_SURFACE('', (#4415), #4417, .T.);
#4417=PLANE('', #9);
#4419=POLY_LOOP('', (#459, #524, #460));
#4420=FACE_OUTER_BOUND('', #4419, .T.);
#4421=FACE_SURFACE('', (#4420), #4422, .T.);
#4422=PLANE('', #9);
#4424=POLY_LOOP('', (#459, #523, #524));
#4425=FACE_OUTER_BOUND('', #4424, .T.);
#4426=FACE_SURFACE('', (#4425), #4427, .T.);
#4427=PLANE('', #9);
#4429=POLY_LOOP('', (#460, #525, #461));
#4430=FACE_OUTER_BOUND('', #4429, .T.);
#4431=FACE_SURFACE('', (#4430), #4432, .T.);
#4432=PLANE('', #9);
#4434=POLY_LOOP('', (#460, #524, #525));
#4435=FACE_OUTER_BOUND('', #4434, .T.);
#4436=FACE_SURFACE('', (#4435), #4437, .T.);
#4437=PLANE('', #9);
#4439=POLY_LOOP('', (#461, #526, #462));
#4440=FACE_OUTER_BOUND('', #4439, .T.);
#4441=FACE_SURFACE('', (#4440), #4442, .T.);
#4442=PLANE('', #9);
#4444=POLY_LOOP('', (#461, #525, #526));
#4445=FACE_OUTER_BOUND('', #4444, .T.);
#4446=FACE_SURFACE('', (#4445), #4447, .T.);
#4447=PLANE('', #9);
#4449=POLY_LOOP('', (#462, #527, #463));
#4450=FACE_OUTER_BOUND('', #4449, .T.);
#4451=FACE_SURFACE('', (#4450), #4452, .T.);
#4452=PLANE('', #9);
#4454=POLY_LOOP('', (#462, #526, #527));
#4455=FACE_OUTER_BOUND('', #4454, .T.);
#4456=FACE_SURFACE('', (#4455), #4457, .T.);
#4457=PLANE('', #9);
#4459=POLY_LOOP('', (#463, #528, #464));
#4460=FACE_OUTER_BOUND('', #4459, .T.);
#4461=FACE_SURFACE('', (#4460), #4462, .T.);
#4462=PLANE('', #9);
#4464=POLY_LOOP('', (#463, #527, #528));
#4465=FACE_OUTER_BOUND('', #4464, .T.);
#4466=FACE_SURFACE('', (#4465), #4467, .T.);
#4467=PLANE('', #9);
#4469=POLY_LOOP('', (#464, #529, #465));
#4470=FACE_OUTER_BOUND('', #4469, .T.);
#4471=FACE_SURFACE('', (#4470), #4472, .T.);
#4472=PLANE('', #9);
#4474=POLY_LOOP('', (#464, #528, #529));
#4475=FACE_OUTER_BOUND('', #4474, .T.);
#4476=FACE_SURFACE('', (#4475), #4477, .T.);
#4477=PLANE('', #9);
#4479=POLY_LOOP('', (#465, #530, #466));
#4480=FACE_OUTER_BOUND('', #4479, .T.);
#4481=FACE_SURFACE('', (#4480), #4482, .T.);
#4482=PLANE('', #9);
#4484=POLY_LOOP('', (#465, #529, #530));
#4485=FACE_OUTER_BOUND('', #4484, .T.);
#4486=FACE_SURFACE('', (#4485), #4487, .T.);
#4487=PLANE('', #9);
#4489=POLY_LOOP('', (#466, #467, #403));
#4490=FACE_OUTER_BOUND('', #4489, .T.);
#4491=FACE_SURFACE('', (#4490), #4492, .T.);
#4492=PLANE('', #9);
#4494=POLY_LOOP('', (#466, #530, #467));
#4495=FACE_OUTER_BOUND('', #4494, .T.);
#4496=FACE_SURFACE('', (#4495), #4497, .T.);
#4497=PLANE('', #9);
#4499=POLY_LOOP('', (#467, #532, #468));
#4500=FACE_OUTER_BOUND('', #4499, .T.);
#4501=FACE_SURFACE('', (#4500), #4502, .T.);
#4502=PLANE('', #9);
#4504=POLY_LOOP('', (#467, #531, #532));
#4505=FACE_OUTER_BOUND('', #4504, .T.);
#4506=FACE_SURFACE('', (#4505), #4507, .T.);
#4507=PLANE('', #9);
#4509=POLY_LOOP('', (#468, #533, #469));
#4510=FACE_OUTER_BOUND('', #4509, .T.);
#4511=FACE_SURFACE('', (#4510), #4512, .T.);
#4512=PLANE('', #9);
#4514=POLY_LOOP('', (#468, #532, #533));
#4515=FACE_OUTER_BOUND('', #4514, .T.);
#4516=FACE_SURFACE('', (#4515), #4517, .T.);
#4517=PLANE('', #9);
#4519=POLY_LOOP('', (#469, #534, #470));
#4520=FACE_OUTER_BOUND('', #4519, .T.);
#4521=FACE_SURFACE('', (#4520), #4522, .T.);
#4522=PLANE('', #9);
#4524=POLY_LOOP('', (#469, #533, #534));
#4525=FACE_OUTER_BOUND('', #4524, .T.);
#4526=FACE_SURFACE('', (#4525), #4527, .T.);
#4527=PLANE('', #9);
#4529=POLY_LOOP('', (#470, #535, #471));
#4530=FACE_OUTER_BOUND('', #4529, .T.);
#4531=FACE_SURFACE('', (#4530), #4532, .T.);
#4532=PLANE('', #9);
#4534=POLY_LOOP('', (#470, #534, #535));
#4535=FACE_OUTER_BOUND('', #4534, .T.);
#4536=FACE_SURFACE('', (#4535), #4537, .T.);
#4537=PLANE('', #9);
#4539=POLY_LOOP('', (#471, #536, #472));
#4540=FACE_OUTER_BOUND('', #4539, .T.);
#4541=FACE_SURFACE('', (#4540), #4542, .T.);
#4542=PLANE('', #9);
#4544=POLY_LOOP('', (#471, #535, #536));
#4545=FACE_OUTER_BOUND('', #4544, .T.);
#4546=FACE_SURFACE('', (#4545), #4547, .T.);
#4547=PLANE('', #9);
#4549=POLY_LOOP('', (#472, #537, #473));
#4550=FACE_OUTER_BOUND('', #4549, .T.);
#4551=FACE_SURFACE('', (#4550), #4552, .T.);
#4552=PLANE('', #9);
#4554=POLY_LOOP('', (#472, #536, #537));
#4555=FACE_OUTER_BOUND('', #4554, .T.);
#4556=FACE_SURFACE('', (#4555), #4557, .T.);
#4557=PLANE('', #9);
#4559=POLY_LOOP('', (#473, #538, #474));
#4560=FACE_OUTER_BOUND('', #4559, .T.);
#4561=FACE_SURFACE('', (#4560), #4562, .T.);
#4562=PLANE('', #9);
#4564=POLY_LOOP('', (#473, #537, #538));
#4565=FACE_OUTER_BOUND('', #4564, .T.);
#4566=FACE_SURFACE('', (#4565), #4567, .T.);
#4567=PLANE('', #9);
#4569=POLY_LOOP('', (#474, #539, #475));
#4570=FACE_OUTER_BOUND('', #4569, .T.);
#4571=FACE_SURFACE('', (#4570), #4572, .T.);
#4572=PLANE('', #9);
#4574=POLY_LOOP('', (#474, #538, #539));
#4575=FACE_OUTER_BOUND('', #4574, .T.);
#4576=FACE_SURFACE('', (#4575), #4577, .T.);
#4577=PLANE('', #9);
#4579=POLY_LOOP('', (#475, #540, #476));
#4580=FACE_OUTER_BOUND('', #4579, .T.);
#4581=FACE_SURFACE('', (#4580), #4582, .T.);
#4582=PLANE('', #9);
#4584=POLY_LOOP('', (#475, #539, #540));
#4585=FACE_OUTER_BOUND('', #4584, .T.);
#4586=FACE_SURFACE('', (#4585), #4587, .T.);
#4587=PLANE('', #9);
#4589=POLY_LOOP('', (#476, #541, #477));
#4590=FACE_OUTER_BOUND('', #4589, .T.);
#4591=FACE_SURFACE('', (#4590), #4592, .T.);
#4592=PLANE('', #9);
#4594=POLY_LOOP('', (#476, #540, #541));
#4595=FACE_OUTER_BOUND('', #4594, .T.);
#4596=FACE_SURFACE('', (#4595), #4597, .T.);
#4597=PLANE('', #9);
#4599=POLY_LOOP('', (#477, #542, #478));
#4600=FACE_OUTER_BOUND('', #4599, .T.);
#4601=FACE_SURFACE('', (#4600), #4602, .T.);
#4602=PLANE('', #9);
#4604=POLY_LOOP('', (#477, #541, #542));
#4605=FACE_OUTER_BOUND('', #4604, .T.);
#4606=FACE_SURFACE('', (#4605), #4607, .T.);
#4607=PLANE('', #9);
#4609=POLY_LOOP('', (#478, #543, #479));
#4610=FACE_OUTER_BOUND('', #4609, .T.);
#4611=FACE_SURFACE('', (#4610), #4612, .T.);
#4612=PLANE('', #9);
#4614=POLY_LOOP('', (#478, #542, #543));
#4615=FACE_OUTER_BOUND('', #4614, .T.);
#4616=FACE_SURFACE('', (#4615), #4617, .T.);
#4617=PLANE('', #9);
#4619=POLY_LOOP('', (#479, #544, #480));
#4620=FACE_OUTER_BOUND('', #4619, .T.);
#4621=FACE_SURFACE('', (#4620), #4622, .T.);
#4622=PLANE('', #9);
#4624=POLY_LOOP('', (#479, #543, #544));
#4625=FACE_OUTER_BOUND('', #4624, .T.);
#4626=FACE_SURFACE('', (#4625), #4627, .T.);
#4627=PLANE('', #9);
#4629=POLY_LOOP('', (#480, #545, #481));
#4630=FACE_OUTER_BOUND('', #4629, .T.);
#4631=FACE_SURFACE('', (#4630), #4632, .T.);
#4632=PLANE('', #9);
#4634=POLY_LOOP('', (#480, #544, #545));
#4635=FACE_OUTER_BOUND('', #4634, .T.);
#4636=FACE_SURFACE('', (#4635), #4637, .T.);
#4637=PLANE('', #9);
#4639=POLY_LOOP('', (#481, #546, #482));
#4640=FACE_OUTER_BOUND('', #4639, .T.);
#4641=FACE_SURFACE('', (#4640), #4642, .T.);
#4642=PLANE('', #9);
#4644=POLY_LOOP('', (#481, #545, #546));
#4645=FACE_OUTER_BOUND('', #4644, .T.);
#4646=FACE_SURFACE('', (#4645), #4647, .T.);
#4647=PLANE('', #9);
#4649=POLY_LOOP('', (#482, #547, #483));
#4650=FACE_OUTER_BOUND('', #4649, .T.);
#4651=FACE_SURFACE('', (#4650), #4652, .T.);
#4652=PLANE('', #9);
#4654=POLY_LOOP('', (#482, #546, #547));
#4655=FACE_OUTER_BOUND('', #4654, .T.);
#4656=FACE_SURFACE('', (#4655), #4657, .T.);
#4657=PLANE('', #9);
#4659=POLY_LOOP('', (#483, #548, #484));
#4660=FACE_OUTER_BOUND('', #4659, .T.);
#4661=FACE_SURFACE('', (#4660), #4662, .T.);
#4662=PLANE('', #9);
#4664=POLY_LOOP('', (#483, #547, #548));
#4665=FACE_OUTER_BOUND('', #4664, .T.);
#4666=FACE_SURFACE('', (#4665), #4667, .T.);
#4667=PLANE('', #9);
#4669=POLY_LOOP('', (#484, #549, #485));
#4670=FACE_OUTER_BOUND('', #4669, .T.);
#4671=FACE_SURFACE('', (#4670), #4672, .T.);
#4672=PLANE('', #9);
#4674=POLY_LOOP('', (#484, #548, #549));
#4675=FACE_OUTER_BOUND('', #4674, .T.);
#4676=FACE_SURFACE('', (#4675), #4677, .T.);
#4677=PLANE('', #9);
#4679=POLY_LOOP('', (#485, #550, #486));
#4680=FACE_OUTER_BOUND('', #4679, .T.);
#4681=FACE_SURFACE('', (#4680), #4682, .T.);
#4682=PLANE('', #9);
#4684=POLY_LOOP('', (#485, #549, #550));
#4685=FACE_OUTER_BOUND('', #4684, .T.);
#4686=FACE_SURFACE('', (#4685), #4687, .T.);
#4687=PLANE('', #9);
#4689=POLY_LOOP('', (#486, #551, #487));
#4690=FACE_OUTER_BOUND('', #4689, .T.);
#4691=FACE_SURFACE('', (#4690), #4692, .T.);
#4692=PLANE('', #9);
#4694=POLY_LOOP('', (#486, #550, #551));
#4695=FACE_OUTER_BOUND('', #4694, .T.);
#4696=FACE_SURFACE('', (#4695), #4697, .T.);
#4697=PLANE('', #9);
#4699=POLY_LOOP('', (#487, #552, #488));
#4700=FACE_OUTER_BOUND('', #4699, .T.);
#4701=FACE_SURFACE('', (#4700), #4702, .T.);
#4702=PLANE('', #9);
#4704=POLY_LOOP('', (#487, #551, #552));
#4705=FACE_OUTER_BOUND('', #4704, .T.);
#4706=FACE_SURFACE('', (#4705), #4707, .T.);
#4707=PLANE('', #9);
#4709=POLY_LOOP('', (#488, #553, #489));
#4710=FACE_OUTER_BOUND('', #4709, .T.);
#4711=FACE_SURFACE('', (#4710), #4712, .T.);
#4712=PLANE('', #9);
#4714=POLY_LOOP('', (#488, #552, #553));
#4715=FACE_OUTER_BOUND('', #4714, .T.);
#4716=FACE_SURFACE('', (#4715), #4717, .T.);
#4717=PLANE('', #9);
#4719=POLY_LOOP('', (#489, #554, #490));
#4720=FACE_OUTER_BOUND('', #4719, .T.);
#4721=FACE_SURFACE('', (#4720), #4722, .T.);
#4722=PLANE('', #9);
#4724=POLY_LOOP('', (#489, #553, #554));
#4725=FACE_OUTER_BOUND('', #4724, .T.);
#4726=FACE_SURFACE('', (#4725), #4727, .T.);
#4727=PLANE('', #9);
#4729=POLY_LOOP('', (#490, #555, #491));
#4730=FACE_OUTER_BOUND('', #4729, .T.);
#4731=FACE_SURFACE('', (#4730), #4732, .T.);
#4732=PLANE('', #9);
#4734=POLY_LOOP('', (#490, #554, #555));
#4735=FACE_OUTER_BOUND('', #4734, .T.);
#4736=FACE_SURFACE('', (#4735), #4737, .T.);
#4737=PLANE('', #9);
#4739=POLY_LOOP('', (#491, #556, #492));
#4740=FACE_OUTER_BOUND('', #4739, .T.);
#4741=FACE_SURFACE('', (#4740), #4742, .T.);
#4742=PLANE('', #9);
#4744=POLY_LOOP('', (#491, #555, #556));
#4745=FACE_OUTER_BOUND('', #4744, .T.);
#4746=FACE_SURFACE('', (#4745), #4747, .T.);
#4747=PLANE('', #9);
#4749=POLY_LOOP('', (#492, #557, #493));
#4750=FACE_OUTER_BOUND('', #4749, .T.);
#4751=FACE_SURFACE('', (#4750), #4752, .T.);
#4752=PLANE('', #9);
#4754=POLY_LOOP('', (#492, #556, #557));
#4755=FACE_OUTER_BOUND('', #4754, .T.);
#4756=FACE_SURFACE('', (#4755), #4757, .T.);
#4757=PLANE('', #9);
#4759=POLY_LOOP('', (#493, #558, #494));
#4760=FACE_OUTER_BOUND('', #4759, .T.);
#4761=FACE_SURFACE('', (#4760), #4762, .T.);
#4762=PLANE('', #9);
#4764=POLY_LOOP('', (#493, #557, #558));
#4765=FACE_OUTER_BOUND('', #4764, .T.);
#4766=FACE_SURFACE('', (#4765), #4767, .T.);
#4767=PLANE('', #9);
#4769=POLY_LOOP('', (#494, #559, #495));
#4770=FACE_OUTER_BOUND('', #4769, .T.);
#4771=FACE_SURFACE('', (#4770), #4772, .T.);
#4772=PLANE('', #9);
#4774=POLY_LOOP('', (#494, #558, #559));
#4775=FACE_OUTER_BOUND('', #4774, .T.);
#4776=FACE_SURFACE('', (#4775), #4777, .T.);
#4777=PLANE('', #9);
#4779=POLY_LOOP('', (#495, #560, #496));
#4780=FACE_OUTER_BOUND('', #4779, .T.);
#4781=FACE_SURFACE('', (#4780), #4782, .T.);
#4782=PLANE('', #9);
#4784=POLY_LOOP('', (#495, #559, #560));
#4785=FACE_OUTER_BOUND('', #4784, .T.);
#4786=FACE_SURFACE('', (#4785), #4787, .T.);
#4787=PLANE('', #9);
#4789=POLY_LOOP('', (#496, #561, #497));
#4790=FACE_OUTER_BOUND('', #4789, .T.);
#4791=FACE_SURFACE('', (#4790), #4792, .T.);
#4792=PLANE('', #9);
#4794=POLY_LOOP('', (#496, #560, #561));
#4795=FACE_OUTER_BOUND('', #4794, .T.);
#4796=FACE_SURFACE('', (#4795), #4797, .T.);
#4797=PLANE('', #9);
#4799=POLY_LOOP('', (#497, #562, #498));
#4800=FACE_OUTER_BOUND('', #4799, .T.);
#4801=FACE_SURFACE('', (#4800), #4802, .T.);
#4802=PLANE('', #9);
#4804=POLY_LOOP('', (#497, #561, #562));
#4805=FACE_OUTER_BOUND('', #4804, .T.);
#4806=FACE_SURFACE('', (#4805), #4807, .T.);
#4807=PLANE('', #9);
#4809=POLY_LOOP('', (#498, #563, #499));
#4810=FACE_OUTER_BOUND('', #4809, .T.);
#4811=FACE_SURFACE('', (#4810), #4812, .T.);
#4812=PLANE('', #9);
#4814=POLY_LOOP('', (#498, #562, #563));
#4815=FACE_OUTER_BOUND('', #4814, .T.);
#4816=FACE_SURFACE('', (#4815), #4817, .T.);
#4817=PLANE('', #9);
#4819=POLY_LOOP('', (#499, #564, #500));
#4820=FACE_OUTER_BOUND('', #4819, .T.);
#4821=FACE_SURFACE('', (#4820), #4822, .T.);
#4822=PLANE('', #9);
#4824=POLY_LOOP('', (#499, #563, #564));
#4825=FACE_OUTER_BOUND('', #4824, .T.);
#4826=FACE_SURFACE('', (#4825), #4827, .T.);
#4827=PLANE('', #9);
#4829=POLY_LOOP('', (#500, #565, #501));
#4830=FACE_OUTER_BOUND('', #4829, .T.);
#4831=FACE_SURFACE('', (#4830), #4832, .T.);
#4832=PLANE('', #9);
#4834=POLY_LOOP('', (#500, #564, #565));
#4835=FACE_OUTER_BOUND('', #4834, .T.);
#4836=FACE_SURFACE('', (#4835), #4837, .T.);
#4837=PLANE('', #9);
#4839=POLY_LOOP('', (#501, #566, #502));
#4840=FACE_OUTER_BOUND('', #4839, .T.);
#4841=FACE_SURFACE('', (#4840), #4842, .T.);
#4842=PLANE('', #9);
#4844=POLY_LOOP('', (#501, #565, #566));
#4845=FACE_OUTER_BOUND('', #4844, .T.);
#4846=FACE_SURFACE('', (#4845), #4847, .T.);
#4847=PLANE('', #9);
#4849=POLY_LOOP('', (#502, #567, #503));
#4850=FACE_OUTER_BOUND('', #4849, .T.);
#4851=FACE_SURFACE('', (#4850), #4852, .T.);
#4852=PLANE('', #9);
#4854=POLY_LOOP('', (#502, #566, #567));
#4855=FACE_OUTER_BOUND('', #4854, .T.);
#4856=FACE_SURFACE('', (#4855), #4857, .T.);
#4857=PLANE('', #9);
#4859=POLY_LOOP('', (#503, #568, #504));
#4860=FACE_OUTER_BOUND('', #4859, .T.);
#4861=FACE_SURFACE('', (#4860), #4862, .T.);
#4862=PLANE('', #9);
#4864=POLY_LOOP('', (#503, #567, #568));
#4865=FACE_OUTER_BOUND('', #4864, .T.);
#4866=FACE_SURFACE('', (#4865), #4867, .T.);
#4867=PLANE('', #9);
#4869=POLY_LOOP('', (#504, #569, #505));
#4870=FACE_OUTER_BOUND('', #4869, .T.);
#4871=FACE_SURFACE('', (#4870), #4872, .T.);
#4872=PLANE('', #9);
#4874=POLY_LOOP('', (#504, #568, #569));
#4875=FACE_OUTER_BOUND('', #4874, .T.);
#4876=FACE_SURFACE('', (#4875), #4877, .T.);
#4877=PLANE('', #9);
#4879=POLY_LOOP('', (#505, #570, #506));
#4880=FACE_OUTER_BOUND('', #4879, .T.);
#4881=FACE_SURFACE('', (#4880), #4882, .T.);
#4882=PLANE('', #9);
#4884=POLY_LOOP('', (#505, #569, #570));
#4885=FACE_OUTER_BOUND('', #4884, .T.);
#4886=FACE_SURFACE('', (#4885), #4887, .T.);
#4887=PLANE('', #9);
#4889=POLY_LOOP('', (#506, #571, #507));
#4890=FACE_OUTER_BOUND('', #4889, .T.);
#4891=FACE_SURFACE('', (#4890), #4892, .T.);
#4892=PLANE('', #9);
#4894=POLY_LOOP('', (#506, #570, #571));
#4895=FACE_OUTER_BOUND('', #4894, .T.);
#4896=FACE_SURFACE('', (#4895), #4897, .T.);
#4897=PLANE('', #9);
#4899=POLY_LOOP('', (#507, #572, #508));
#4900=FACE_OUTER_BOUND('', #4899, .T.);
#4901=FACE_SURFACE('', (#4900), #4902, .T.);
#4902=PLANE('', #9);
#4904=POLY_LOOP('', (#507, #571, #572));
#4905=FACE_OUTER_BOUND('', #4904, .T.);
#4906=FACE_SURFACE('', (#4905), #4907, .T.);
#4907=PLANE('', #9);
#4909=POLY_LOOP('', (#508, #573, #509));
#4910=FACE_OUTER_BOUND('', #4909, .T.);
#4911=FACE_SURFACE('', (#4910), #4912, .T.);
#4912=PLANE('', #9);
#4914=POLY_LOOP('', (#508, #572, #573));
#4915=FACE_OUTER_BOUND('', #4914, .T.);
#4916=FACE_SURFACE('', (#4915), #4917, .T.);
#4917=PLANE('', #9);
#4919=POLY_LOOP('', (#509, #574, #510));
#4920=FACE_OUTER_BOUND('', #4919, .T.);
#4921=FACE_SURFACE('', (#4920), #4922, .T.);
#4922=PLANE('', #9);
#4924=POLY_LOOP('', (#509, #573, #574));
#4925=FACE_OUTER_BOUND('', #4924, .T.);
#4926=FACE_SURFACE('', (#4925), #4927, .T.);
#4927=PLANE('', #9);
#4929=POLY_LOOP('', (#510, #575, #511));
#4930=FACE_OUTER_BOUND('', #4929, .T.);
#4931=FACE_SURFACE('', (#4930), #4932, .T.);
#4932=PLANE('', #9);
#4934=POLY_LOOP('', (#510, #574, #575));
#4935=FACE_OUTER_BOUND('', #4934, .T.);
#4936=FACE_SURFACE('', (#4935), #4937, .T.);
#4937=PLANE('', #9);
#4939=POLY_LOOP('', (#511, #576, #512));
#4940=FACE_OUTER_BOUND('', #4939, .T.);
#4941=FACE_SURFACE('', (#4940), #4942, .T.);
#4942=PLANE('', #9);
#4944=POLY_LOOP('', (#511, #575, #576));
#4945=FACE_OUTER_BOUND('', #4944, .T.);
#4946=FACE_SURFACE('', (#4945), #4947, .T.);
#4947=PLANE('', #9);
#4949=POLY_LOOP('', (#512, #577, #513));
#4950=FACE_OUTER_BOUND('', #4949, .T.);
#4951=FACE_SURFACE('', (#4950), #4952, .T.);
#4952=PLANE('', #9);
#4954=POLY_LOOP('', (#512, #576, #577));
#4955=FACE_OUTER_BOUND('', #4954, .T.);
#4956=FACE_SURFACE('', (#4955), #4957, .T.);
#4957=PLANE('', #9);
#4959=POLY_LOOP('', (#513, #578, #514));
#4960=FACE_OUTER_BOUND('', #4959, .T.);
#4961=FACE_SURFACE('', (#4960), #4962, .T.);
#4962=PLANE('', #9);
#4964=POLY_LOOP('', (#513, #577, #578));
#4965=FACE_OUTER_BOUND('', #4964, .T.);
#4966=FACE_SURFACE('', (#4965), #4967, .T.);
#4967=PLANE('', #9);
#4969=POLY_LOOP('', (#514, #579, #515));
#4970=FACE_OUTER_BOUND('', #4969, .T.);
#4971=FACE_SURFACE('', (#4970), #4972, .T.);
#4972=PLANE('', #9);
#4974=POLY_LOOP('', (#514, #578, #579));
#4975=FACE_OUTER_BOUND('', #4974, .T.);
#4976=FACE_SURFACE('', (#4975), #4977, .T.);
#4977=PLANE('', #9);
#4979=POLY_LOOP('', (#515, #580, #516));
#4980=FACE_OUTER_BOUND('', #4979, .T.);
#4981=FACE_SURFACE('', (#4980), #4982, .T.);
#4982=PLANE('', #9);
#4984=POLY_LOOP('', (#515, #579, #580));
#4985=FACE_OUTER_BOUND('', #4984, .T.);
#4986=FACE_SURFACE('', (#4985), #4987, .T.);
#4987=PLANE('', #9);
#4989=POLY_LOOP('', (#516, #581, #517));
#4990=FACE_OUTER_BOUND('', #4989, .T.);
#4991=FACE_SURFACE('', (#4990), #4992, .T.);
#4992=PLANE('', #9);
#4994=POLY_LOOP('', (#516, #580, #581));
#4995=FACE_OUTER_BOUND('', #4994, .T.);
#4996=FACE_SURFACE('', (#4995), #4997, .T.);
#4997=PLANE('', #9);
#4999=POLY_LOOP('', (#517, #582, #518));
#5000=FACE_OUTER_BOUND('', #4999, .T.);
#5001=FACE_SURFACE('', (#5000), #5002, .T.);
#5002=PLANE('', #9);
#5004=POLY_LOOP('', (#517, #581, #582));
#5005=FACE_OUTER_BOUND('', #5004, .T.);
#5006=FACE_SURFACE('', (#5005), #5007, .T.);
#5007=PLANE('', #9);
#5009=POLY_LOOP('', (#518, #583, #519));
#5010=FACE_OUTER_BOUND('', #5009, .T.);
#5011=FACE_SURFACE('', (#5010), #5012, .T.);
#5012=PLANE('', #9);
#5014=POLY_LOOP('', (#518, #582, #583));
#5015=FACE_OUTER_BOUND('', #5014, .T.);
#5016=FACE_SURFACE('', (#5015), #5017, .T.);
#5017=PLANE('', #9);
#5019=POLY_LOOP('', (#519, #584, #520));
#5020=FACE_OUTER_BOUND('', #5019, .T.);
#5021=FACE_SURFACE('', (#5020), #5022, .T.);
#5022=PLANE('', #9);
#5024=POLY_LOOP('', (#519, #583, #584));
#5025=FACE_OUTER_BOUND('', #5024, .T.);
#5026=FACE_SURFACE('', (#5025), #5027, .T.);
#5027=PLANE('', #9);
#5029=POLY_LOOP('', (#520, #585, #521));
#5030=FACE_OUTER_BOUND('', #5029, .T.);
#5031=FACE_SURFACE('', (#5030), #5032, .T.);
#5032=PLANE('', #9);
#5034=POLY_LOOP('', (#520, #584, #585));
#5035=FACE_OUTER_BOUND('', #5034, .T.);
#5036=FACE_SURFACE('', (#5035), #5037, .T.);
#5037=PLANE('', #9);
#5039=POLY_LOOP('', (#521, #586, #522));
#5040=FACE_OUTER_BOUND('', #5039, .T.);
#5041=FACE_SURFACE('', (#5040), #5042, .T.);
#5042=PLANE('', #9);
#5044=POLY_LOOP('', (#521, #585, #586));
#5045=FACE_OUTER_BOUND('', #5044, .T.);
#5046=FACE_SURFACE('', (#5045), #5047, .T.);
#5047=PLANE('', #9);
#5049=POLY_LOOP('', (#522, #587, #523));
#5050=FACE_OUTER_BOUND('', #5049, .T.);
#5051=FACE_SURFACE('', (#5050), #5052, .T.);
#5052=PLANE('', #9);
#5054=POLY_LOOP('', (#522, #586, #587));
#5055=FACE_OUTER_BOUND('', #5054, .T.);
#5056=FACE_SURFACE('', (#5055), #5057, .T.);
#5057=PLANE('', #9);
#5059=POLY_LOOP('', (#523, #588, #524));
#5060=FACE_OUTER_BOUND('', #5059, .T.);
#5061=FACE_SURFACE('', (#5060), #5062, .T.);
#5062=PLANE('', #9);
#5064=POLY_LOOP('', (#523, #587, #588));
#5065=FACE_OUTER_BOUND('', #5064, .T.);
#5066=FACE_SURFACE('', (#5065), #5067, .T.);
#5067=PLANE('', #9);
#5069=POLY_LOOP('', (#524, #589, #525));
#5070=FACE_OUTER_BOUND('', #5069, .T.);
#5071=FACE_SURFACE('', (#5070), #5072, .T.);
#5072=PLANE('', #9);
#5074=POLY_LOOP('', (#524, #588, #589));
#5075=FACE_OUTER_BOUND('', #5074, .T.);
#5076=FACE_SURFACE('', (#5075), #5077, .T.);
#5077=PLANE('', #9);
#5079=POLY_LOOP('', (#525, #590, #526));
#5080=FACE_OUTER_BOUND('', #5079, .T.);
#5081=FACE_SURFACE('', (#5080), #5082, .T.);
#5082=PLANE('', #9);
#5084=POLY_LOOP('', (#525, #589, #590));
#5085=FACE_OUTER_BOUND('', #5084, .T.);
#5086=FACE_SURFACE('', (#5085), #5087, .T.);
#5087=PLANE('', #9);
#5089=POLY_LOOP('', (#526, #591, #527));
#5090=FACE_OUTER_BOUND('', #5089, .T.);
#5091=FACE_SURFACE('', (#5090), #5092, .T.);
#5092=PLANE('', #9);
#5094=POLY_LOOP('', (#526, #590, #591));
#5095=FACE_OUTER_BOUND('', #5094, .T.);
#5096=FACE_SURFACE('', (#5095), #5097, .T.);
#5097=PLANE('', #9);
#5099=POLY_LOOP('', (#527, #592, #528));
#5100=FACE_OUTER_BOUND('', #5099, .T.);
#5101=FACE_SURFACE('', (#5100), #5102, .T.);
#5102=PLANE('', #9);
#5104=POLY_LOOP('', (#527, #591, #592));
#5105=FACE_OUTER_BOUND('', #5104, .T.);
#5106=FACE_SURFACE('', (#5105), #5107, .T.);
#5107=PLANE('', #9);
#5109=POLY_LOOP('', (#528, #593, #529));
#5110=FACE_OUTER_BOUND('', #5109, .T.);
#5111=FACE_SURFACE('', (#5110), #5112, .T.);
#5112=PLANE('', #9);
#5114=POLY_LOOP('', (#528, #592, #593));
#5115=FACE_OUTER_BOUND('', #5114, .T.);
#5116=FACE_SURFACE('', (#5115), #5117, .T.);
#5117=PLANE('', #9);
#5119=POLY_LOOP('', (#529, #594, #530));
#5120=FACE_OUTER_BOUND('', #5119, .T.);
#5121=FACE_SURFACE('', (#5120), #5122, .T.);
#5122=PLANE('', #9);
#5124=POLY_LOOP('', (#529, #593, #594));
#5125=FACE_OUTER_BOUND('', #5124, .T.);
#5126=FACE_SURFACE('', (#5125), #5127, .T.);
#5127=PLANE('', #9);
#5129=POLY_LOOP('', (#530, #531, #467));
#5130=FACE_OUTER_BOUND('', #5129, .T.);
#5131=FACE_SURFACE('', (#5130), #5132, .T.);
#5132=PLANE('', #9);
#5134=POLY_LOOP('', (#530, #594, #531));
#5135=FACE_OUTER_BOUND('', #5134, .T.);
#5136=FACE_SURFACE('', (#5135), #5137, .T.);
#5137=PLANE('', #9);
#5139=POLY_LOOP('', (#531, #596, #532));
#5140=FACE_OUTER_BOUND('', #5139, .T.);
#5141=FACE_SURFACE('', (#5140), #5142, .T.);
#5142=PLANE('', #9);
#5144=POLY_LOOP('', (#531, #595, #596));
#5145=FACE_OUTER_BOUND('', #5144, .T.);
#5146=FACE_SURFACE('', (#5145), #5147, .T.);
#5147=PLANE('', #9);
#5149=POLY_LOOP('', (#532, #597, #533));
#5150=FACE_OUTER_BOUND('', #5149, .T.);
#5151=FACE_SURFACE('', (#5150), #5152, .T.);
#5152=PLANE('', #9);
#5154=POLY_LOOP('', (#532, #596, #597));
#5155=FACE_OUTER_BOUND('', #5154, .T.);
#5156=FACE_SURFACE('', (#5155), #5157, .T.);
#5157=PLANE('', #9);
#5159=POLY_LOOP('', (#533, #598, #534));
#5160=FACE_OUTER_BOUND('', #5159, .T.);
#5161=FACE_SURFACE('', (#5160), #5162, .T.);
#5162=PLANE('', #9);
#5164=POLY_LOOP('', (#533, #597, #598));
#5165=FACE_OUTER_BOUND('', #5164, .T.);
#5166=FACE_SURFACE('', (#5165), #5167, .T.);
#5167=PLANE('', #9);
#5169=POLY_LOOP('', (#534, #599, #535));
#5170=FACE_OUTER_BOUND('', #5169, .T.);
#5171=FACE_SURFACE('', (#5170), #5172, .T.);
#5172=PLANE('', #9);
#5174=POLY_LOOP('', (#534, #598, #599));
#5175=FACE_OUTER_BOUND('', #5174, .T.);
#5176=FACE_SURFACE('', (#5175), #5177, .T.);
#5177=PLANE('', #9);
#5179=POLY_LOOP('', (#535, #600, #536));
#5180=FACE_OUTER_BOUND('', #5179, .T.);
#5181=FACE_SURFACE('', (#5180), #5182, .T.);
#5182=PLANE('', #9);
#5184=POLY_LOOP('', (#535, #599, #600));
#5185=FACE_OUTER_BOUND('', #5184, .T.);
#5186=FACE_SURFACE('', (#5185), #5187, .T.);
#5187=PLANE('', #9);
#5189=POLY_LOOP('', (#536, #601, #537));
#5190=FACE_OUTER_BOUND('', #5189, .T.);
#5191=FACE_SURFACE('', (#5190), #5192, .T.);
#5192=PLANE('', #9);
#5194=POLY_LOOP('', (#536, #600, #601));
#5195=FACE_OUTER_BOUND('', #5194, .T.);
#5196=FACE_SURFACE('', (#5195), #5197, .T.);
#5197=PLANE('', #9);
#5199=POLY_LOOP('', (#537, #602, #538));
#5200=FACE_OUTER_BOUND('', #5199, .T.);
#5201=FACE_SURFACE('', (#5200), #5202, .T.);
#5202=PLANE('', #9);
#5204=POLY_LOOP('', (#537, #601, #602));
#5205=FACE_OUTER_BOUND('', #5204, .T.);
#5206=FACE_SURFACE('', (#5205), #5207, .T.);
#5207=PLANE('', #9);
#5209=POLY_LOOP('', (#538, #603, #539));
#5210=FACE_OUTER_BOUND('', #5209, .T.);
#5211=FACE_SURFACE('', (#5210), #5212, .T.);
#5212=PLANE('', #9);
#5214=POLY_LOOP('', (#538, #602, #603));
#5215=FACE_OUTER_BOUND('', #5214, .T.);
#5216=FACE_SURFACE('', (#5215), #5217, .T.);
#5217=PLANE('', #9);
#5219=POLY_LOOP('', (#539, #604, #540));
#5220=FACE_OUTER_BOUND('', #5219, .T.);
#5221=FACE_SURFACE('', (#5220), #5222, .T.);
#5222=PLANE('', #9);
#5224=POLY_LOOP('', (#539, #603, #604));
#5225=FACE_OUTER_BOUND('', #5224, .T.);
#5226=FACE_SURFACE('', (#5225), #5227, .T.);
#5227=PLANE('', #9);
#5229=POLY_LOOP('', (#540, #605, #541));
#5230=FACE_OUTER_BOUND('', #5229, .T.);
#5231=FACE_SURFACE('', (#5230), #5232, .T.);
#5232=PLANE('', #9);
#5234=POLY_LOOP('', (#540, #604, #605));
#5235=FACE_OUTER_BOUND('', #5234, .T.);
#5236=FACE_SURFACE('', (#5235), #5237, .T.);
#5237=PLANE('', #9);
#5239=POLY_LOOP('', (#541, #606, #542));
#5240=FACE_OUTER_BOUND('', #5239, .T.);
#5241=FACE_SURFACE('', (#5240), #5242, .T.);
#5242=PLANE('', #9);
#5244=POLY_LOOP('', (#541, #605, #606));
#5245=FACE_OUTER_BOUND('', #5244, .T.);
#5246=FACE_SURFACE('', (#5245), #5247, .T.);
#5247=PLANE('', #9);
#5249=POLY_LOOP('', (#542, #607, #543));
#5250=FACE_OUTER_BOUND('', #5249, .T.);
#5251=FACE_SURFACE('', (#5250), #5252, .T.);
#5252=PLANE('', #9);
#5254=POLY_LOOP('', (#542, #606, #607));
#5255=FACE_OUTER_BOUND('', #5254, .T.);
#5256=FACE_SURFACE('', (#5255), #5257, .T.);
#5257=PLANE('', #9);
#5259=POLY_LOOP('', (#543, #608, #544));
#5260=FACE_OUTER_BOUND('', #5259, .T.);
#5261=FACE_SURFACE('', (#5260), #5262, .T.);
#5262=PLANE('', #9);
#5264=POLY_LOOP('', (#543, #607, #608));
#5265=FACE_OUTER_BOUND('', #5264, .T.);
#5266=FACE_SURFACE('', (#5265), #5267, .T.);
#5267=PLANE('', #9);
#5269=POLY_LOOP('', (#544, #609, #545));
#5270=FACE_OUTER_BOUND('', #5269, .T.);
#5271=FACE_SURFACE('', (#5270), #5272, .T.);
#5272=PLANE('', #9);
#5274=POLY_LOOP('', (#544, #608, #609));
#5275=FACE_OUTER_BOUND('', #5274, .T.);
#5276=FACE_SURFACE('', (#5275), #5277, .T.);
#5277=PLANE('', #9);
#5279=POLY_LOOP('', (#545, #610, #546));
#5280=FACE_OUTER_BOUND('', #5279, .T.);
#5281=FACE_SURFACE('', (#5280), #5282, .T.);
#5282=PLANE('', #9);
#5284=POLY_LOOP('', (#545, #609, #610));
#5285=FACE_OUTER_BOUND('', #5284, .T.);
#5286=FACE_SURFACE('', (#5285), #5287, .T.);
#5287=PLANE('', #9);
#5289=POLY_LOOP('', (#546, #611, #547));
#5290=FACE_OUTER_BOUND('', #5289, .T.);
#5291=FACE_SURFACE('', (#5290), #5292, .T.);
#5292=PLANE('', #9);
#5294=POLY_LOOP('', (#546, #610, #611));
#5295=FACE_OUTER_BOUND('', #5294, .T.);
#5296=FACE_SURFACE('', (#5295), #5297, .T.);
#5297=PLANE('', #9);
#5299=POLY_LOOP('', (#547, #612, #548));
#5300=FACE_OUTER_BOUND('', #5299, .T.);
#5301=FACE_SURFACE('', (#5300), #5302, .T.);
#5302=PLANE('', #9);
#5304=POLY_LOOP('', (#547, #611, #612));
#5305=FACE_OUTER_BOUND('', #5304, .T.);
#5306=FACE_SURFACE('', (#5305), #5307, .T.);
#5307=PLANE('', #9);
#5309=POLY_LOOP('', (#548, #613, #549));
#5310=FACE_OUTER_BOUND('', #5309, .T.);
#5311=FACE_SURFACE('', (#5310), #5312, .T.);
#5312=PLANE('', #9);
#5314=POLY_LOOP('', (#548, #612, #613));
#5315=FACE_OUTER_BOUND('', #5314, .T.);
#5316=FACE_SURFACE('', (#5315), #5317, .T.);
#5317=PLANE('', #9);
#5319=POLY_LOOP('', (#549, #614, #550));
#5320=FACE_OUTER_BOUND('', #5319, .T.);
#5321=FACE_SURFACE('', (#5320), #5322, .T.);
#5322=PLANE('', #9);
#5324=POLY_LOOP('', (#549, #613, #614));
#5325=FACE_OUTER_BOUND('', #5324, .T.);
#5326=FACE_SURFACE('', (#5325), #5327, .T.);
#5327=PLANE('', #9);
#5329=POLY_LOOP('', (#550, #615, #551));
#5330=FACE_OUTER_BOUND('', #5329, .T.);
#5331=FACE_SURFACE('', (#5330), #5332, .T.);
#5332=PLANE('', #9);
#5334=POLY_LOOP('', (#550, #614, #615));
#5335=FACE_OUTER_BOUND('', #5334, .T.);
#5336=FACE_SURFACE('', (#5335), #5337, .T.);
#5337=PLANE('', #9);
#5339=POLY_LOOP('', (#551, #616, #552));
#5340=FACE_OUTER_BOUND('', #5339, .T.);
#5341=FACE_SURFACE('', (#5340), #5342, .T.);
#5342=PLANE('', #9);
#5344=POLY_LOOP('', (#551, #615, #616));
#5345=FACE_OUTER_BOUND('', #5344, .T.);
#5346=FACE_SURFACE('', (#5345), #5347, .T.);
#5347=PLANE('', #9);
#5349=POLY_LOOP('', (#552, #617, #553));
#5350=FACE_OUTER_BOUND('', #5349, .T.);
#5351=FACE_SURFACE('', (#5350), #5352, .T.);
#5352=PLANE('', #9);
#5354=POLY_LOOP('', (#552, #616, #617));
#5355=FACE_OUTER_BOUND('', #5354, .T.);
#5356=FACE_SURFACE('', (#5355), #5357, .T.);
#5357=PLANE('', #9);
#5359=POLY_LOOP('', (#553, #618, #554));
#5360=FACE_OUTER_BOUND('', #5359, .T.);
#5361=FACE_SURFACE('', (#5360), #5362, .T.);
#5362=PLANE('', #9);
#5364=POLY_LOOP('', (#553, #617, #618));
#5365=FACE_OUTER_BOUND('', #5364, .T.);
#5366=FACE_SURFACE('', (#5365), #5367, .T.);
#5367=PLANE('', #9);
#5369=POLY_LOOP('', (#554, #619, #555));
#5370=FACE_OUTER_BOUND('', #5369, .T.);
#5371=FACE_SURFACE('', (#5370), #5372, .T.);
#5372=PLANE('', #9);
#5374=POLY_LOOP('', (#554, #618, #619));
#5375=FACE_OUTER_BOUND('', #5374, .T.);
#5376=FACE_SURFACE('', (#5375), #5377, .T.);
#5377=PLANE('', #9);
#5379=POLY_LOOP('', (#555, #620, #556));
#5380=FACE_OUTER_BOUND('', #5379, .T.);
#5381=FACE_SURFACE('', (#5380), #5382, .T.);
#5382=PLANE('', #9);
#5384=POLY_LOOP('', (#555, #619, #620));
#5385=FACE_OUTER_BOUND('', #5384, .T.);
#5386=FACE_SURFACE('', (#5385), #5387, .T.);
#5387=PLANE('', #9);
#5389=POLY_LOOP('', (#556, #621, #557));
#5390=FACE_OUTER_BOUND('', #5389, .T.);
#5391=FACE_SURFACE('', (#5390), #5392, .T.);
#5392=PLANE('', #9);
#5394=POLY_LOOP('', (#556, #620, #621));
#5395=FACE_OUTER_BOUND('', #5394, .T.);
#5396=FACE_SURFACE('', (#5395), #5397, .T.);
#5397=PLANE('', #9);
#5399=POLY_LOOP('', (#557, #622, #558));
#5400=FACE_OUTER_BOUND('', #5399, .T.);
#5401=FACE_SURFACE('', (#5400), #5402, .T.);
#5402=PLANE('', #9);
#5404=POLY_LOOP('', (#557, #621, #622));
#5405=FACE_OUTER_BOUND('', #5404, .T.);
#5406=FACE_SURFACE('', (#5405), #5407, .T.);
#5407=PLANE('', #9);
#5409=POLY_LOOP('', (#558, #623, #559));
#5410=FACE_OUTER_BOUND('', #5409, .T.);
#5411=FACE_SURFACE('', (#5410), #5412, .T.);
#5412=PLANE('', #9);
#5414=POLY_LOOP('', (#558, #622, #623));
#5415=FACE_OUTER_BOUND('', #5414, .T.);
#5416=FACE_SURFACE('', (#5415), #5417, .T.);
#5417=PLANE('', #9);
#5419=POLY_LOOP('', (#559, #624, #560));
#5420=FACE_OUTER_BOUND('', #5419, .T.);
#5421=FACE_SURFACE('', (#5420), #5422, .T.);
#5422=PLANE('', #9);
#5424=POLY_LOOP('', (#559, #623, #624));
#5425=FACE_OUTER_BOUND('', #5424, .T.);
#5426=FACE_SURFACE('', (#5425), #5427, .T.);
#5427=PLANE('', #9);
#5429=POLY_LOOP('', (#560, #625, #561));
#5430=FACE_OUTER_BOUND('', #5429, .T.);
#5431=FACE_SURFACE('', (#5430), #5432, .T.);
#5432=PLANE('', #9);
#5434=POLY_LOOP('', (#560, #624, #625));
#5435=FACE_OUTER_BOUND('', #5434, .T.);
#5436=FACE_SURFACE('', (#5435), #5437, .T.);
#5437=PLANE('', #9);
#5439=POLY_LOOP('', (#561, #626, #562));
#5440=FACE_OUTER_BOUND('', #5439, .T.);
#5441=FACE_SURFACE('', (#5440), #5442, .T.);
#5442=PLANE('', #9);
#5444=POLY_LOOP('', (#561, #625, #626));
#5445=FACE_OUTER_BOUND('', #5444, .T.);
#5446=FACE_SURFACE('', (#5445), #5447, .T.);
#5447=PLANE('', #9);
#5449=POLY_LOOP('', (#562, #627, #563));
#5450=FACE_OUTER_BOUND('', #5449, .T.);
#5451=FACE_SURFACE('', (#5450), #5452, .T.);
#5452=PLANE('', #9);
#5454=POLY_LOOP('', (#562, #626, #627));
#5455=FACE_OUTER_BOUND('', #5454, .T.);
#5456=FACE_SURFACE('', (#5455), #5457, .T.);
#5457=PLANE('', #9);
#5459=POLY_LOOP('', (#563, #628, #564));
#5460=FACE_OUTER_BOUND('', #5459, .T.);
#5461=FACE_SURFACE('', (#5460), #5462, .T.);
#5462=PLANE('', #9);
#5464=POLY_LOOP('', (#563, #627, #628));
#5465=FACE_OUTER_BOUND('', #5464, .T.);
#5466=FACE_SURFACE('', (#5465), #5467, .T.);
#5467=PLANE('', #9);
#5469=POLY_LOOP('', (#564, #629, #565));
#5470=FACE_OUTER_BOUND('', #5469, .T.);
#5471=FACE_SURFACE('', (#5470), #5472, .T.);
#5472=PLANE('', #9);
#5474=POLY_LOOP('', (#564, #628, #629));
#5475=FACE_OUTER_BOUND('', #5474, .T.);
#5476=FACE_SURFACE('', (#5475), #5477, .T.);
#5477=PLANE('', #9);
#5479=POLY_LOOP('', (#565, #630, #566));
#5480=FACE_OUTER_BOUND('', #5479, .T.);
#5481=FACE_SURFACE('', (#5480), #5482, .T.);
#5482=PLANE('', #9);
#5484=POLY_LOOP('', (#565, #629, #630));
#5485=FACE_OUTER_BOUND('', #5484, .T.);
#5486=FACE_SURFACE('', (#5485), #5487, .T.);
#5487=PLANE('', #9);
#5489=POLY_LOOP('', (#566, #631, #567));
#5490=FACE_OUTER_BOUND('', #5489, .T.);
#5491=FACE_SURFACE('', (#5490), #5492, .T.);
#5492=PLANE('', #9);
#5494=POLY_LOOP('', (#566, #630, #631));
#5495=FACE_OUTER_BOUND('', #5494, .T.);
#5496=FACE_SURFACE('', (#5495), #5497, .T.);
#5497=PLANE('', #9);
#5499=POLY_LOOP('', (#567, #632, #568));
#5500=FACE_OUTER_BOUND('', #5499, .T.);
#5501=FACE_SURFACE('', (#5500), #5502, .T.);
#5502=PLANE('', #9);
#5504=POLY_LOOP('', (#567, #631, #632));
#5505=FACE_OUTER_BOUND('', #5504, .T.);
#5506=FACE_SURFACE('', (#5505), #5507, .T.);
#5507=PLANE('', #9);
#5509=POLY_LOOP('', (#568, #633, #569));
#5510=FACE_OUTER_BOUND('', #5509, .T.);
#5511=FACE_SURFACE('', (#5510), #5512, .T.);
#5512=PLANE('', #9);
#5514=POLY_LOOP('', (#568, #632, #633));
#5515=FACE_OUTER_BOUND('', #5514, .T.);
#5516=FACE_SURFACE('', (#5515), #5517, .T.);
#5517=PLANE('', #9);
#5519=POLY_LOOP('', (#569, #634, #570));
#5520=FACE_OUTER_BOUND('', #5519, .T.);
#5521=FACE_SURFACE('', (#5520), #5522, .T.);
#5522=PLANE('', #9);
#5524=POLY_LOOP('', (#569, #633, #634));
#5525=FACE_OUTER_BOUND('', #5524, .T.);
#5526=FACE_SURFACE('', (#5525), #5527, .T.);
#5527=PLANE('', #9);
#5529=POLY_LOOP('', (#570, #635, #571));
#5530=FACE_OUTER_BOUND('', #5529, .T.);
#5531=FACE_SURFACE('', (#5530), #5532, .T.);
#5532=PLANE('', #9);
#5534=POLY_LOOP('', (#570, #634, #635));
#5535=FACE_OUTER_BOUND('', #5534, .T.);
#5536=FACE_SURFACE('', (#5535), #5537, .T.);
#5537=PLANE('', #9);
#5539=POLY_LOOP('', (#571, #636, #572));
#5540=FACE_OUTER_BOUND('', #5539, .T.);
#5541=FACE_SURFACE('', (#5540), #5542, .T.);
#5542=PLANE('', #9);
#5544=POLY_LOOP('', (#571, #635, #636));
#5545=FACE_OUTER_BOUND('', #5544, .T.);
#5546=FACE_SURFACE('', (#5545), #5547, .T.);
#5547=PLANE('', #9);
#5549=POLY_LOOP('', (#572, #637, #573));
#5550=FACE_OUTER_BOUND('', #5549, .T.);
#5551=FACE_SURFACE('', (#5550), #5552, .T.);
#5552=PLANE('', #9);
#5554=POLY_LOOP('', (#572, #636, #637));
#5555=FACE_OUTER_BOUND('', #5554, .T.);
#5556=FACE_SURFACE('', (#5555), #5557, .T.);
#5557=PLANE('', #9);
#5559=POLY_LOOP('', (#573, #638, #574));
#5560=FACE_OUTER_BOUND('', #5559, .T.);
#5561=FACE_SURFACE('', (#5560), #5562, .T.);
#5562=PLANE('', #9);
#5564=POLY_LOOP('', (#573, #637, #638));
#5565=FACE_OUTER_BOUND('', #5564, .T.);
#5566=FACE_SURFACE('', (#5565), #5567, .T.);
#5567=PLANE('', #9);
#5569=POLY_LOOP('', (#574, #639, #575));
#5570=FACE_OUTER_BOUND('', #5569, .T.);
#5571=FACE_SURFACE('', (#5570), #5572, .T.);
#5572=PLANE('', #9);
#5574=POLY_LOOP('', (#574, #638, #639));
#5575=FACE_OUTER_BOUND('', #5574, .T.);
#5576=FACE_SURFACE('', (#5575), #5577, .T.);
#5577=PLANE('', #9);
#5579=POLY_LOOP('', (#575, #640, #576));
#5580=FACE_OUTER_BOUND('', #5579, .T.);
#5581=FACE_SURFACE('', (#5580), #5582, .T.);
#5582=PLANE('', #9);
#5584=POLY_LOOP('', (#575, #639, #640));
#5585=FACE_OUTER_BOUND('', #5584, .T.);
#5586=FACE_SURFACE('', (#5585), #5587, .T.);
#5587=PLANE('', #9);
#5589=POLY_LOOP('', (#576, #641, #577));
#5590=FACE_OUTER_BOUND('', #5589, .T.);
#5591=FACE_SURFACE('', (#5590), #5592, .T.);
#5592=PLANE('', #9);
#5594=POLY_LOOP('', (#576, #640, #641));
#5595=FACE_OUTER_BOUND('', #5594, .T.);
#5596=FACE_SURFACE('', (#5595), #5597, .T.);
#5597=PLANE('', #9);
#5599=POLY_LOOP('', (#577, #642, #578));
#5600=FACE_OUTER_BOUND('', #5599, .T.);
#5601=FACE_SURFACE('', (#5600), #5602, .T.);
#5602=PLANE('', #9);
#5604=POLY_LOOP('', (#577, #641, #642));
#5605=FACE_OUTER_BOUND('', #5604, .T.);
#5606=FACE_SURFACE('', (#5605), #5607, .T.);
#5607=PLANE('', #9);
#5609=POLY_LOOP('', (#578, #643, #579));
#5610=FACE_OUTER_BOUND('', #5609, .T.);
#5611=FACE_SURFACE('', (#5610), #5612, .T.);
#5612=PLANE('', #9);
#5614=POLY_LOOP('', (#578, #642, #643));
#5615=FACE_OUTER_BOUND('', #5614, .T.);
#5616=FACE_SURFACE('', (#5615), #5617, .T.);
#5617=PLANE('', #9);
#5619=POLY_LOOP('', (#579, #644, #580));
#5620=FACE_OUTER_BOUND('', #5619, .T.);
#5621=FACE_SURFACE('', (#5620), #5622, .T.);
#5622=PLANE('', #9);
#5624=POLY_LOOP('', (#579, #643, #644));
#5625=FACE_OUTER_BOUND('', #5624, .T.);
#5626=FACE_SURFACE('', (#5625), #5627, .T.);
#5627=PLANE('', #9);
#5629=POLY_LOOP('', (#580, #645, #581));
#5630=FACE_OUTER_BOUND('', #5629, .T.);
#5631=FACE_SURFACE('', (#5630), #5632, .T.);
#5632=PLANE('', #9);
#5634=POLY_LOOP('', (#580, #644, #645));
#5635=FACE_OUTER_BOUND('', #5634, .T.);
#5636=FACE_SURFACE('', (#5635), #5637, .T.);
#5637=PLANE('', #9);
#5639=POLY_LOOP('', (#581, #646, #582));
#5640=FACE_OUTER_BOUND('', #5639, .T.);
#5641=FACE_SURFACE('', (#5640), #5642, .T.);
#5642=PLANE('', #9);
#5644=POLY_LOOP('', (#581, #645, #646));
#5645=FACE_OUTER_BOUND('', #5644, .T.);
#5646=FACE_SURFACE('', (#5645), #5647, .T.);
#5647=PLANE('', #9);
#5649=POLY_LOOP('', (#582, #647, #583));
#5650=FACE_OUTER_BOUND('', #5649, .T.);
#5651=FACE_SURFACE('', (#5650), #5652, .T.);
#5652=PLANE('', #9);
#5654=POLY_LOOP('', (#582, #646, #647));
#5655=FACE_OUTER_BOUND('', #5654, .T.);
#5656=FACE_SURFACE('', (#5655), #5657, .T.);
#5657=PLANE('', #9);
#5659=POLY_LOOP('', (#583, #648, #584));
#5660=FACE_OUTER_BOUND('', #5659, .T.);
#5661=FACE_SURFACE('', (#5660), #5662, .T.);
#5662=PLANE('', #9);
#5664=POLY_LOOP('', (#583, #647, #648));
#5665=FACE_OUTER_BOUND('', #5664, .T.);
#5666=FACE_SURFACE('', (#5665), #5667, .T.);
#5667=PLANE('', #9);
#5669=POLY_LOOP('', (#584, #649, #585));
#5670=FACE_OUTER_BOUND('', #5669, .T.);
#5671=FACE_SURFACE('', (#5670), #5672, .T.);
#5672=PLANE('', #9);
#5674=POLY_LOOP('', (#584, #648, #649));
#5675=FACE_OUTER_BOUND('', #5674, .T.);
#5676=FACE_SURFACE('', (#5675), #5677, .T.);
#5677=PLANE('', #9);
#5679=POLY_LOOP('', (#585, #650, #586));
#5680=FACE_OUTER_BOUND('', #5679, .T.);
#5681=FACE_SURFACE('', (#5680), #5682, .T.);
#5682=PLANE('', #9);
#5684=POLY_LOOP('', (#585, #649, #650));
#5685=FACE_OUTER_BOUND('', #5684, .T.);
#5686=FACE_SURFACE('', (#5685), #5687, .T.);
#5687=PLANE('', #9);
#5689=POLY_LOOP('', (#586, #651, #587));
#5690=FACE_OUTER_BOUND('', #5689, .T.);
#5691=FACE_SURFACE('', (#5690), #5692, .T.);
#5692=PLANE('', #9);
#5694=POLY_LOOP('', (#586, #650, #651));
#5695=FACE_OUTER_BOUND('', #5694, .T.);
#5696=FACE_SURFACE('', (#5695), #5697, .T.);
#5697=PLANE('', #9);
#5699=POLY_LOOP('', (#587, #652, #588));
#5700=FACE_OUTER_BOUND('', #5699, .T.);
#5701=FACE_SURFACE('', (#5700), #5702, .T.);
#5702=PLANE('', #9);
#5704=POLY_LOOP('', (#587, #651, #652));
#5705=FACE_OUTER_BOUND('', #5704, .T.);
#5706=FACE_SURFACE('', (#5705), #5707, .T.);
#5707=PLANE('', #9);
#5709=POLY_LOOP('', (#588, #653, #589));
#5710=FACE_OUTER_BOUND('', #5709, .T.);
#5711=FACE_SURFACE('', (#5710), #5712, .T.);
#5712=PLANE('', #9);
#5714=POLY_LOOP('', (#588, #652, #653));
#5715=FACE_OUTER_BOUND('', #5714, .T.);
#5716=FACE_SURFACE('', (#5715), #5717, .T.);
#5717=PLANE('', #9);
#5719=POLY_LOOP('', (#589, #654, #590));
#5720=FACE_OUTER_BOUND('', #5719, .T.);
#5721=FACE_SURFACE('', (#5720), #5722, .T.);
#5722=PLANE('', #9);
#5724=POLY_LOOP('', (#589, #653, #654));
#5725=FACE_OUTER_BOUND('', #5724, .T.);
#5726=FACE_SURFACE('', (#5725), #5727, .T.);
#5727=PLANE('', #9);
#5729=POLY_LOOP('', (#590, #655, #591));
#5730=FACE_OUTER_BOUND('', #5729, .T.);
#5731=FACE_SURFACE('', (#5730), #5732, .T.);
#5732=PLANE('', #9);
#5734=POLY_LOOP('', (#590, #654, #655));
#5735=FACE_OUTER_BOUND('', #5734, .T.);
#5736=FACE_SURFACE('', (#5735), #5737, .T.);
#5737=PLANE('', #9);
#5739=POLY_LOOP('', (#591, #656, #592));
#5740=FACE_OUTER_BOUND('', #5739, .T.);
#5741=FACE_SURFACE('', (#5740), #5742, .T.);
#5742=PLANE('', #9);
#5744=POLY_LOOP('', (#591, #655, #656));
#5745=FACE_OUTER_BOUND('', #5744, .T.);
#5746=FACE_SURFACE('', (#5745), #5747, .T.);
#5747=PLANE('', #9);
#5749=POLY_LOOP('', (#592, #657, #593));
#5750=FACE_OUTER_BOUND('', #5749, .T.);
#5751=FACE_SURFACE('', (#5750), #5752, .T.);
#5752=PLANE('', #9);
#5754=POLY_LOOP('', (#592, #656, #657));
#5755=FACE_OUTER_BOUND('', #5754, .T.);
#5756=FACE_SURFACE('', (#5755), #5757, .T.);
#5757=PLANE('', #9);
#5759=POLY_LOOP('', (#593, #658, #594));
#5760=FACE_OUTER_BOUND('', #5759, .T.);
#5761=FACE_SURFACE('', (#5760), #5762, .T.);
#5762=PLANE('', #9);
#5764=POLY_LOOP('', (#593, #657, #658));
#5765=FACE_OUTER_BOUND('', #5764, .T.);
#5766=FACE_SURFACE('', (#5765), #5767, .T.);
#5767=PLANE('', #9);
#5769=POLY_LOOP('', (#594, #595, #531));
#5770=FACE_OUTER_BOUND('', #5769, .T.);
#5771=FACE_SURFACE('', (#5770), #5772, .T.);
#5772=PLANE('', #9);
#5774=POLY_LOOP('', (#594, #658, #595));
#5775=FACE_OUTER_BOUND('', #5774, .T.);
#5776=FACE_SURFACE('', (#5775), #5777, .T.);
#5777=PLANE('', #9);
#5779=POLY_LOOP('', (#19, #339, #340));
#5780=FACE_OUTER_BOUND('', #5779, .T.);
#5781=FACE_SURFACE('', (#5780), #5782, .T.);
#5782=PLANE('', #9);
#5784=POLY_LOOP('', (#19, #340, #20));
#5785=FACE_OUTER_BOUND('', #5784, .T.);
#5786=FACE_SURFACE('', (#5785), #5787, .T.);
#5787=PLANE('', #9);
#5789=POLY_LOOP('', (#20, #340, #341));
#5790=FACE_OUTER_BOUND('', #5789, .T.);
#5791=FACE_SURFACE('', (#5790), #5792, .T.);
#5792=PLANE('', #9);
#5794=POLY_LOOP('', (#20, #341, #21));
#5795=FACE_OUTER_BOUND('', #5794, .T.);
#5796=FACE_SURFACE('', (#5795), #5797, .T.);
#5797=PLANE('', #9);
#5799=POLY_LOOP('', (#21, #341, #342));
#5800=FACE_OUTER_BOUND('', #5799, .T.);
#5801=FACE_SURFACE('', (#5800), #5802, .T.);
#5802=PLANE('', #9);
#5804=POLY_LOOP('', (#21, #342, #22));
#5805=FACE_OUTER_BOUND('', #5804, .T.);
#5806=FACE_SURFACE('', (#5805), #5807, .T.);
#5807=PLANE('', #9);
#5809=POLY_LOOP('', (#22, #342, #343));
#5810=FACE_OUTER_BOUND('', #5809, .T.);
#5811=FACE_SURFACE('', (#5810), #5812, .T.);
#5812=PLANE('', #9);
#5814=POLY_LOOP('', (#22, #343, #23));
#5815=FACE_OUTER_BOUND('', #5814, .T.);
#5816=FACE_SURFACE('', (#5815), #5817, .T.);
#5817=PLANE('', #9);
#5819=POLY_LOOP('', (#23, #343, #344));
#5820=FACE_OUTER_BOUND('', #5819, .T.);
#5821=FACE_SURFACE('', (#5820), #5822, .T.);
#5822=PLANE('', #9);
#5824=POLY_LOOP('', (#23, #344, #24));
#5825=FACE_OUTER_BOUND('', #5824, .T.);
#5826=FACE_SURFACE('', (#5825), #5827, .T.);
#5827=PLANE('', #9);
#5829=POLY_LOOP('', (#24, #344, #345));
#5830=FACE_OUTER_BOUND('', #5829, .T.);
#5831=FACE_SURFACE('', (#5830), #5832, .T.);
#5832=PLANE('', #9);
#5834=POLY_LOOP('', (#24, #345, #25));
#5835=FACE_OUTER_BOUND('', #5834, .T.);
#5836=FACE_SURFACE('', (#5835), #5837, .T.);
#5837=PLANE('', #9);
#5839=POLY_LOOP('', (#25, #345, #346));
#5840=FACE_OUTER_BOUND('', #5839, .T.);
#5841=FACE_SURFACE('', (#5840), #5842, .T.);
#5842=PLANE('', #9);
#5844=POLY_LOOP('', (#25, #346, #26));
#5845=FACE_OUTER_BOUND('', #5844, .T.);
#5846=FACE_SURFACE('', (#5845), #5847, .T.);
#5847=PLANE('', #9);
#5849=POLY_LOOP('', (#26, #346, #347));
#5850=FACE_OUTER_BOUND('', #5849, .T.);
#5851=FACE_SURFACE('', (#5850), #5852, .T.);
#5852=PLANE('', #9);
#5854=POLY_LOOP('', (#26, #347, #27));
#5855=FACE_OUTER_BOUND('', #5854, .T.);
#5856=FACE_SURFACE('', (#5855), #5857, .T.);
#5857=PLANE('', #9);
#5859=POLY_LOOP('', (#27, #347, #348));
#5860=FACE_OUTER_BOUND('', #5859, .T.);
#5861=FACE_SURFACE('', (#5860), #5862, .T.);
#5862=PLANE('', #9);
#5864=POLY_LOOP('', (#27, #348, #28));
#5865=FACE_OUTER_BOUND('', #5864, .T.);
#5866=FACE_SURFACE('', (#5865), #5867, .T.);
#5867=PLANE('', #9);
#5869=POLY_LOOP('', (#28, #348, #349));
#5870=FACE_OUTER_BOUND('', #5869, .T.);
#5871=FACE_SURFACE('', (#5870), #5872, .T.);
#5872=PLANE('', #9);
#5874=POLY_LOOP('', (#28, #349, #29));
#5875=FACE_OUTER_BOUND('', #5874, .T.);
#5876=FACE_SURFACE('', (#5875), #5877, .T.);
#5877=PLANE('', #9);
#5879=POLY_LOOP('', (#29, #349, #350));
#5880=FACE_OUTER_BOUND('', #5879, .T.);
#5881=FACE_SURFACE('', (#5880), #5882, .T.);
#5882=PLANE('', #9);
#5884=POLY_LOOP('', (#29, #350, #30));
#5885=FACE_OUTER_BOUND('', #5884, .T.);
#5886=FACE_SURFACE('', (#5885), #5887, .T.);
#5887=PLANE('', #9);
#5889=POLY_LOOP('', (#30, #350, #351));
#5890=FACE_OUTER_BOUND('', #5889, .T.);
#5891=FACE_SURFACE('', (#5890), #5892, .T.);
#5892=PLANE('', #9);
#5894=POLY_LOOP('', (#30, #351, #31));
#5895=FACE_OUTER_BOUND('', #5894, .T.);
#5896=FACE_SURFACE('', (#5895), #5897, .T.);
#5897=PLANE('', #9);
#5899=POLY_LOOP('', (#31, #351, #352));
#5900=FACE_OUTER_BOUND('', #5899, .T.);
#5901=FACE_SURFACE('', (#5900), #5902, .T.);
#5902=PLANE('', #9);
#5904=POLY_LOOP('', (#31, #352, #32));
#5905=FACE_OUTER_BOUND('', #5904, .T.);
#5906=FACE_SURFACE('', (#5905), #5907, .T.);
#5907=PLANE('', #9);
#5909=POLY_LOOP('', (#32, #352, #353));
#5910=FACE_OUTER_BOUND('', #5909, .T.);
#5911=FACE_SURFACE('', (#5910), #5912, .T.);
#5912=PLANE('', #9);
#5914=POLY_LOOP('', (#32, #353, #33));
#5915=FACE_OUTER_BOUND('', #5914, .T.);
#5916=FACE_SURFACE('', (#5915), #5917, .T.);
#5917=PLANE('', #9);
#5919=POLY_LOOP('', (#33, #353, #354));
#5920=FACE_OUTER_BOUND('', #5919, .T.);
#5921=FACE_SURFACE('', (#5920), #5922, .T.);
#5922=PLANE('', #9);
#5924=POLY_LOOP('', (#33, #354, #34));
#5925=FACE_OUTER_BOUND('', #5924, .T.);
#5926=FACE_SURFACE('', (#5925), #5927, .T.);
#5927=PLANE('', #9);
#5929=POLY_LOOP('', (#34, #354, #355));
#5930=FACE_OUTER_BOUND('', #5929, .T.);
#5931=FACE_SURFACE('', (#5930), #5932, .T.);
#5932=PLANE('', #9);
#5934=POLY_LOOP('', (#34, #355, #35));
#5935=FACE_OUTER_BOUND('', #5934, .T.);
#5936=FACE_SURFACE('', (#5935), #5937, .T.);
#5937=PLANE('', #9);
#5939=POLY_LOOP('', (#35, #355, #356));
#5940=FACE_OUTER_BOUND('', #5939, .T.);
#5941=FACE_SURFACE('', (#5940), #5942, .T.);
#5942=PLANE('', #9);
#5944=POLY_LOOP('', (#35, #356, #36));
#5945=FACE_OUTER_BOUND('', #5944, .T.);
#5946=FACE_SURFACE('', (#5945), #5947, .T.);
#5947=PLANE('', #9);
#5949=POLY_LOOP('', (#36, #356, #357));
#5950=FACE_OUTER_BOUND('', #5949, .T.);
#5951=FACE_SURFACE('', (#5950), #5952, .T.);
#5952=PLANE('', #9);
#5954=POLY_LOOP('', (#36, #357, #37));
#5955=FACE_OUTER_BOUND('', #5954, .T.);
#5956=FACE_SURFACE('', (#5955), #5957, .T.);
#5957=PLANE('', #9);
#5959=POLY_LOOP('', (#37, #357, #358));
#5960=FACE_OUTER_BOUND('', #5959, .T.);
#5961=FACE_SURFACE('', (#5960), #5962, .T.);
#5962=PLANE('', #9);
#5964=POLY_LOOP('', (#37, #358, #38));
#5965=FACE_OUTER_BOUND('', #5964, .T.);
#5966=FACE_SURFACE('', (#5965), #5967, .T.);
#5967=PLANE('', #9);
#5969=POLY_LOOP('', (#38, #358, #359));
#5970=FACE_OUTER_BOUND('', #5969, .T.);
#5971=FACE_SURFACE('', (#5970), #5972, .T.);
#5972=PLANE('', #9);
#5974=POLY_LOOP('', (#38, #359, #39));
#5975=FACE_OUTER_BOUND('', #5974, .T.);
#5976=FACE_SURFACE('', (#5975), #5977, .T.);
#5977=PLANE('', #9);
#5979=POLY_LOOP('', (#39, #359, #360));
#5980=FACE_OUTER_BOUND('', #5979, .T.);
#5981=FACE_SURFACE('', (#5980), #5982, .T.);
#5982=PLANE('', #9);
#5984=POLY_LOOP('', (#39, #360, #40));
#5985=FACE_OUTER_BOUND('', #5984, .T.);
#5986=FACE_SURFACE('', (#5985), #5987, .T.);
#5987=PLANE('', #9);
#5989=POLY_LOOP('', (#40, #360, #361));
#5990=FACE_OUTER_BOUND('', #5989, .T.);
#5991=FACE_SURFACE('', (#5990), #5992, .T.);
#5992=PLANE('', #9);
#5994=POLY_LOOP('', (#40, #361, #41));
#5995=FACE_OUTER_BOUND('', #5994, .T.);
#5996=FACE_SURFACE('', (#5995), #5997, .T.);
#5997=PLANE('', #9);
#5999=POLY_LOOP('', (#41, #361, #362));
#6000=FACE_OUTER_BOUND('', #5999, .T.);
#6001=FACE_SURFACE('', (#6000), #6002, .T.);
#6002=PLANE('', #9);
#6004=POLY_LOOP('', (#41, #362, #42));
#6005=FACE_OUTER_BOUND('', #6004, .T.);
#6006=FACE_SURFACE('', (#6005), #6007, .T.);
#6007=PLANE('', #9);
#6009=POLY_LOOP('', (#42, #362, #363));
#6010=FACE_OUTER_BOUND('', #6009, .T.);
#6011=FACE_SURFACE('', (#6010), #6012, .T.);
#6012=PLANE('', #9);
#6014=POLY_LOOP('', (#42, #363, #43));
#6015=FACE_OUTER_BOUND('', #6014, .T.);
#6016=FACE_SURFACE('', (#6015), #6017, .T.);
#6017=PLANE('', #9);
#6019=POLY_LOOP('', (#43, #363, #364));
#6020=FACE_OUTER_BOUND('', #6019, .T.);
#6021=FACE_SURFACE('', (#6020), #6022, .T.);
#6022=PLANE('', #9);
#6024=POLY_LOOP('', (#43, #364, #44));
#6025=FACE_OUTER_BOUND('', #6024, .T.);
#6026=FACE_SURFACE('', (#6025), #6027, .T.);
#6027=PLANE('', #9);
#6029=POLY_LOOP('', (#44, #364, #365));
#6030=FACE_OUTER_BOUND('', #6029, .T.);
#6031=FACE_SURFACE('', (#6030), #6032, .T.);
#6032=PLANE('', #9);
#6034=POLY_LOOP('', (#44, #365, #45));
#6035=FACE_OUTER_BOUND('', #6034, .T.);
#6036=FACE_SURFACE('', (#6035), #6037, .T.);
#6037=PLANE('', #9);
#6039=POLY_LOOP('', (#45, #365, #366));
#6040=FACE_OUTER_BOUND('', #6039, .T.);
#6041=FACE_SURFACE('', (#6040), #6042, .T.);
#6042=PLANE('', #9);
#6044=POLY_LOOP('', (#45, #366, #46));
#6045=FACE_OUTER_BOUND('', #6044, .T.);
#6046=FACE_SURFACE('', (#6045), #6047, .T.);
#6047=PLANE('', #9);
#6049=POLY_LOOP('', (#46, #366, #367));
#6050=FACE_OUTER_BOUND('', #6049, .T.);
#6051=FACE_SURFACE('', (#6050), #6052, .T.);
#6052=PLANE('', #9);
#6054=POLY_LOOP('', (#46, #367, #47));
#6055=FACE_OUTER_BOUND('', #6054, .T.);
#6056=FACE_SURFACE('', (#6055), #6057, .T.);
#6057=PLANE('', #9);
#6059=POLY_LOOP('', (#47, #367, #368));
#6060=FACE_OUTER_BOUND('', #6059, .T.);
#6061=FACE_SURFACE('', (#6060), #6062, .T.);
#6062=PLANE('', #9);
#6064=POLY_LOOP('', (#47, #368, #48));
#6065=FACE_OUTER_BOUND('', #6064, .T.);
#6066=FACE_SURFACE('', (#6065), #6067, .T.);
#6067=PLANE('', #9);
#6069=POLY_LOOP('', (#48, #368, #369));
#6070=FACE_OUTER_BOUND('', #6069, .T.);
#6071=FACE_SURFACE('', (#6070), #6072, .T.);
#6072=PLANE('', #9);
#6074=POLY_LOOP('', (#48, #369, #49));
#6075=FACE_OUTER_BOUND('', #6074, .T.);
#6076=FACE_SURFACE('', (#6075), #6077, .T.);
#6077=PLANE('', #9);
#6079=POLY_LOOP('', (#49, #369, #370));
#6080=FACE_OUTER_BOUND('', #6079, .T.);
#6081=FACE_SURFACE('', (#6080), #6082, .T.);
#6082=PLANE('', #9);
#6084=POLY_LOOP('', (#49, #370, #50));
#6085=FACE_OUTER_BOUND('', #6084, .T.);
#6086=FACE_SURFACE('', (#6085), #6087, .T.);
#6087=PLANE('', #9);
#6089=POLY_LOOP('', (#50, #370, #371));
#6090=FACE_OUTER_BOUND('', #6089, .T.);
#6091=FACE_SURFACE('', (#6090), #6092, .T.);
#6092=PLANE('', #9);
#6094=POLY_LOOP('', (#50, #371, #51));
#6095=FACE_OUTER_BOUND('', #6094, .T.);
#6096=FACE_SURFACE('', (#6095), #6097, .T.);
#6097=PLANE('', #9);
#6099=POLY_LOOP('', (#51, #371, #372));
#6100=FACE_OUTER_BOUND('', #6099, .T.);
#6101=FACE_SURFACE('', (#6100), #6102, .T.);
#6102=PLANE('', #9);
#6104=POLY_LOOP('', (#51, #372, #52));
#6105=FACE_OUTER_BOUND('', #6104, .T.);
#6106=FACE_SURFACE('', (#6105), #6107, .T.);
#6107=PLANE('', #9);
#6109=POLY_LOOP('', (#52, #372, #373));
#6110=FACE_OUTER_BOUND('', #6109, .T.);
#6111=FACE_SURFACE('', (#6110), #6112, .T.);
#6112=PLANE('', #9);
#6114=POLY_LOOP('', (#52, #373, #53));
#6115=FACE_OUTER_BOUND('', #6114, .T.);
#6116=FACE_SURFACE('', (#6115), #6117, .T.);
#6117=PLANE('', #9);
#6119=POLY_LOOP('', (#53, #373, #374));
#6120=FACE_OUTER_BOUND('', #6119, .T.);
#6121=FACE_SURFACE('', (#6120), #6122, .T.);
#6122=PLANE('', #9);
#6124=POLY_LOOP('', (#53, #374, #54));
#6125=FACE_OUTER_BOUND('', #6124, .T.);
#6126=FACE_SURFACE('', (#6125), #6127, .T.);
#6127=PLANE('', #9);
#6129=POLY_LOOP('', (#54, #374, #375));
#6130=FACE_OUTER_BOUND('', #6129, .T.);
#6131=FACE_SURFACE('', (#6130), #6132, .T.);
#6132=PLANE('', #9);
#6134=POLY_LOOP('', (#54, #375, #55));
#6135=FACE_OUTER_BOUND('', #6134, .T.);
#6136=FACE_SURFACE('', (#6135), #6137, .T.);
#6137=PLANE('', #9);
#6139=POLY_LOOP('', (#55, #375, #376));
#6140=FACE_OUTER_BOUND('', #6139, .T.);
#6141=FACE_SURFACE('', (#6140), #6142, .T.);
#6142=PLANE('', #9);
#6144=POLY_LOOP('', (#55, #376, #56));
#6145=FACE_OUTER_BOUND('', #6144, .T.);
#6146=FACE_SURFACE('', (#6145), #6147, .T.);
#6147=PLANE('', #9);
#6149=POLY_LOOP('', (#56, #376, #377));
#6150=FACE_OUTER_BOUND('', #6149, .T.);
#6151=FACE_SURFACE('', (#6150), #6152, .T.);
#6152=PLANE('', #9);
#6154=POLY_LOOP('', (#56, #377, #57));
#6155=FACE_OUTER_BOUND('', #6154, .T.);
#6156=FACE_SURFACE('', (#6155), #6157, .T.);
#6157=PLANE('', #9);
#6159=POLY_LOOP('', (#57, #377, #378));
#6160=FACE_OUTER_BOUND('', #6159, .T.);
#6161=FACE_SURFACE('', (#6160), #6162, .T.);
#6162=PLANE('', #9);
#6164=POLY_LOOP('', (#57, #378, #58));
#6165=FACE_OUTER_BOUND('', #6164, .T.);
#6166=FACE_SURFACE('', (#6165), #6167, .T.);
#6167=PLANE('', #9);
#6169=POLY_LOOP('', (#58, #378, #379));
#6170=FACE_OUTER_BOUND('', #6169, .T.);
#6171=FACE_SURFACE('', (#6170), #6172, .T.);
#6172=PLANE('', #9);
#6174=POLY_LOOP('', (#58, #379, #59));
#6175=FACE_OUTER_BOUND('', #6174, .T.);
#6176=FACE_SURFACE('', (#6175), #6177, .T.);
#6177=PLANE('', #9);
#6179=POLY_LOOP('', (#59, #379, #380));
#6180=FACE_OUTER_BOUND('', #6179, .T.);
#6181=FACE_SURFACE('', (#6180), #6182, .T.);
#6182=PLANE('', #9);
#6184=POLY_LOOP('', (#59, #380, #60));
#6185=FACE_OUTER_BOUND('', #6184, .T.);
#6186=FACE_SURFACE('', (#6185), #6187, .T.);
#6187=PLANE('', #9);
#6189=POLY_LOOP('', (#60, #380, #381));
#6190=FACE_OUTER_BOUND('', #6189, .T.);
#6191=FACE_SURFACE('', (#6190), #6192, .T.);
#6192=PLANE('', #9);
#6194=POLY_LOOP('', (#60, #381, #61));
#6195=FACE_OUTER_BOUND('', #6194, .T.);
#6196=FACE_SURFACE('', (#6195), #6197, .T.);
#6197=PLANE('', #9);
#6199=POLY_LOOP('', (#61, #381, #382));
#6200=FACE_OUTER_BOUND('', #6199, .T.);
#6201=FACE_SURFACE('', (#6200), #6202, .T.);
#6202=PLANE('', #9);
#6204=POLY_LOOP('', (#61, #382, #62));
#6205=FACE_OUTER_BOUND('', #6204, .T.);
#6206=FACE_SURFACE('', (#6205), #6207, .T.);
#6207=PLANE('', #9);
#6209=POLY_LOOP('', (#62, #382, #383));
#6210=FACE_OUTER_BOUND('', #6209, .T.);
#6211=FACE_SURFACE('', (#6210), #6212, .T.);
#6212=PLANE('', #9);
#6214=POLY_LOOP('', (#62, #383, #63));
#6215=FACE_OUTER_BOUND('', #6214, .T.);
#6216=FACE_SURFACE('', (#6215), #6217, .T.);
#6217=PLANE('', #9);
#6219=POLY_LOOP('', (#63, #383, #384));
#6220=FACE_OUTER_BOUND('', #6219, .T.);
#6221=FACE_SURFACE('', (#6220), #6222, .T.);
#6222=PLANE('', #9);
#6224=POLY_LOOP('', (#63, #384, #64));
#6225=FACE_OUTER_BOUND('', #6224, .T.);
#6226=FACE_SURFACE('', (#6225), #6227, .T.);
#6227=PLANE('', #9);
#6229=POLY_LOOP('', (#64, #384, #385));
#6230=FACE_OUTER_BOUND('', #6229, .T.);
#6231=FACE_SURFACE('', (#6230), #6232, .T.);
#6232=PLANE('', #9);
#6234=POLY_LOOP('', (#64, #385, #65));
#6235=FACE_OUTER_BOUND('', #6234, .T.);
#6236=FACE_SURFACE('', (#6235), #6237, .T.);
#6237=PLANE('', #9);
#6239=POLY_LOOP('', (#65, #385, #386));
#6240=FACE_OUTER_BOUND('', #6239, .T.);
#6241=FACE_SURFACE('', (#6240), #6242, .T.);
#6242=PLANE('', #9);
#6244=POLY_LOOP('', (#65, #386, #66));
#6245=FACE_OUTER_BOUND('', #6244, .T.);
#6246=FACE_SURFACE('', (#6245), #6247, .T.);
#6247=PLANE('', #9);
#6249=POLY_LOOP('', (#66, #386, #387));
#6250=FACE_OUTER_BOUND('', #6249, .T.);
#6251=FACE_SURFACE('', (#6250), #6252, .T.);
#6252=PLANE('', #9);
#6254=POLY_LOOP('', (#66, #387, #67));
#6255=FACE_OUTER_BOUND('', #6254, .T.);
#6256=FACE_SURFACE('', (#6255), #6257, .T.);
#6257=PLANE('', #9);
#6259=POLY_LOOP('', (#67, #387, #388));
#6260=FACE_OUTER_BOUND('', #6259, .T.);
#6261=FACE_SURFACE('', (#6260), #6262, .T.);
#6262=PLANE('', #9);
#6264=POLY_LOOP('', (#67, #388, #68));
#6265=FACE_OUTER_BOUND('', #6264, .T.);
#6266=FACE_SURFACE('', (#6265), #6267, .T.);
#6267=PLANE('', #9);
#6269=POLY_LOOP('', (#68, #388, #389));
#6270=FACE_OUTER_BOUND('', #6269, .T.);
#6271=FACE_SURFACE('', (#6270), #6272, .T.);
#6272=PLANE('', #9);
#6274=POLY_LOOP('', (#68, #389, #69));
#6275=FACE_OUTER_BOUND('', #6274, .T.);
#6276=FACE_SURFACE('', (#6275), #6277, .T.);
#6277=PLANE('', #9);
#6279=POLY_LOOP('', (#69, #389, #390));
#6280=FACE_OUTER_BOUND('', #6279, .T.);
#6281=FACE_SURFACE('', (#6280), #6282, .T.);
#6282=PLANE('', #9);
#6284=POLY_LOOP('', (#69, #390, #70));
#6285=FACE_OUTER_BOUND('', #6284, .T.);
#6286=FACE_SURFACE('', (#6285), #6287, .T.);
#6287=PLANE('', #9);
#6289=POLY_LOOP('', (#70, #390, #391));
#6290=FACE_OUTER_BOUND('', #6289, .T.);
#6291=FACE_SURFACE('', (#6290), #6292, .T.);
#6292=PLANE('', #9);
#6294=POLY_LOOP('', (#70, #391, #71));
#6295=FACE_OUTER_BOUND('', #6294, .T.);
#6296=FACE_SURFACE('', (#6295), #6297, .T.);
#6297=PLANE('', #9);
#6299=POLY_LOOP('', (#71, #391, #392));
#6300=FACE_OUTER_BOUND('', #6299, .T.);
#6301=FACE_SURFACE('', (#6300), #6302, .T.);
#6302=PLANE('', #9);
#6304=POLY_LOOP('', (#71, #392, #72));
#6305=FACE_OUTER_BOUND('', #6304, .T.);
#6306=FACE_SURFACE('', (#6305), #6307, .T.);
#6307=PLANE('', #9);
#6309=POLY_LOOP('', (#72, #392, #393));
#6310=FACE_OUTER_BOUND('', #6309, .T.);
#6311=FACE_SURFACE('', (#6310), #6312, .T.);
#6312=PLANE('', #9);
#6314=POLY_LOOP('', (#72, #393, #73));
#6315=FACE_OUTER_BOUND('', #6314, .T.);
#6316=FACE_SURFACE('', (#6315), #6317, .T.);
#6317=PLANE('', #9);
#6319=POLY_LOOP('', (#73, #393, #394));
#6320=FACE_OUTER_BOUND('', #6319, .T.);
#6321=FACE_SURFACE('', (#6320), #6322, .T.);
#6322=PLANE('', #9);
#6324=POLY_LOOP('', (#73, #394, #74));
#6325=FACE_OUTER_BOUND('', #6324, .T.);
#6326=FACE_SURFACE('', (#6325), #6327, .T.);
#6327=PLANE('', #9);
#6329=POLY_LOOP('', (#74, #394, #395));
#6330=FACE_OUTER_BOUND('', #6329, .T.);
#6331=FACE_SURFACE('', (#6330), #6332, .T.);
#6332=PLANE('', #9);
#6334=POLY_LOOP('', (#74, #395, #75));
#6335=FACE_OUTER_BOUND('', #6334, .T.);
#6336=FACE_SURFACE('', (#6335), #6337, .T.);
#6337=PLANE('', #9);
#6339=POLY_LOOP('', (#75, #395, #396));
#6340=FACE_OUTER_BOUND('', #6339, .T.);
#6341=FACE_SURFACE('', (#6340), #6342, .T.);
#6342=PLANE('', #9);
#6344=POLY_LOOP('', (#75, #396, #76));
#6345=FACE_OUTER_BOUND('', #6344, .T.);
#6346=FACE_SURFACE('', (#6345), #6347, .T.);
#6347=PLANE('', #9);
#6349=POLY_LOOP('', (#76, #396, #397));
#6350=FACE_OUTER_BOUND('', #6349, .T.);
#6351=FACE_SURFACE('', (#6350), #6352, .T.);
#6352=PLANE('', #9);
#6354=POLY_LOOP('', (#76, #397, #77));
#6355=FACE_OUTER_BOUND('', #6354, .T.);
#6356=FACE_SURFACE('', (#6355), #6357, .T.);
#6357=PLANE('', #9);
#6359=POLY_LOOP('', (#77, #397, #398));
#6360=FACE_OUTER_BOUND('', #6359, .T.);
#6361=FACE_SURFACE('', (#6360), #6362, .T.);
#6362=PLANE('', #9);
#6364=POLY_LOOP('', (#77, #398, #78));
#6365=FACE_OUTER_BOUND('', #6364, .T.);
#6366=FACE_SURFACE('', (#6365), #6367, .T.);
#6367=PLANE('', #9);
#6369=POLY_LOOP('', (#78, #398, #399));
#6370=FACE_OUTER_BOUND('', #6369, .T.);
#6371=FACE_SURFACE('', (#6370), #6372, .T.);
#6372=PLANE('', #9);
#6374=POLY_LOOP('', (#78, #399, #79));
#6375=FACE_OUTER_BOUND('', #6374, .T.);
#6376=FACE_SURFACE('', (#6375), #6377, .T.);
#6377=PLANE('', #9);
#6379=POLY_LOOP('', (#79, #399, #400));
#6380=FACE_OUTER_BOUND('', #6379, .T.);
#6381=FACE_SURFACE('', (#6380), #6382, .T.);
#6382=PLANE('', #9);
#6384=POLY_LOOP('', (#79, #400, #80));
#6385=FACE_OUTER_BOUND('', #6384, .T.);
#6386=FACE_SURFACE('', (#6385), #6387, .T.);
#6387=PLANE('', #9);
#6389=POLY_LOOP('', (#80, #400, #401));
#6390=FACE_OUTER_BOUND('', #6389, .T.);
#6391=FACE_SURFACE('', (#6390), #6392, .T.);
#6392=PLANE('', #9);
#6394=POLY_LOOP('', (#80, #401, #81));
#6395=FACE_OUTER_BOUND('', #6394, .T.);
#6396=FACE_SURFACE('', (#6395), #6397, .T.);
#6397=PLANE('', #9);
#6399=POLY_LOOP('', (#81, #401, #402));
#6400=FACE_OUTER_BOUND('', #6399, .T.);
#6401=FACE_SURFACE('', (#6400), #6402, .T.);
#6402=PLANE('', #9);
#6404=POLY_LOOP('', (#81, #402, #82));
#6405=FACE_OUTER_BOUND('', #6404, .T.);
#6406=FACE_SURFACE('', (#6405), #6407, .T.);
#6407=PLANE('', #9);
#6409=POLY_LOOP('', (#82, #402, #339));
#6410=FACE_OUTER_BOUND('', #6409, .T.);
#6411=FACE_SURFACE('', (#6410), #6412, .T.);
#6412=PLANE('', #9);
#6414=POLY_LOOP('', (#82, #339, #19));
#6415=FACE_OUTER_BOUND('', #6414, .T.);
#6416=FACE_SURFACE('', (#6415), #6417, .T.);
#6417=PLANE('', #9);
#6419=POLY_LOOP('', (#275, #276, #596));
#6420=FACE_OUTER_BOUND('', #6419, .T.);
#6421=FACE_SURFACE('', (#6420), #6422, .T.);
#6422=PLANE('', #9);
#6424=POLY_LOOP('', (#275, #596, #595));
#6425=FACE_OUTER_BOUND('', #6424, .T.);
#6426=FACE_SURFACE('', (#6425), #6427, .T.);
#6427=PLANE('', #9);
#6429=POLY_LOOP('', (#276, #277, #597));
#6430=FACE_OUTER_BOUND('', #6429, .T.);
#6431=FACE_SURFACE('', (#6430), #6432, .T.);
#6432=PLANE('', #9);
#6434=POLY_LOOP('', (#276, #597, #596));
#6435=FACE_OUTER_BOUND('', #6434, .T.);
#6436=FACE_SURFACE('', (#6435), #6437, .T.);
#6437=PLANE('', #9);
#6439=POLY_LOOP('', (#277, #278, #598));
#6440=FACE_OUTER_BOUND('', #6439, .T.);
#6441=FACE_SURFACE('', (#6440), #6442, .T.);
#6442=PLANE('', #9);
#6444=POLY_LOOP('', (#277, #598, #597));
#6445=FACE_OUTER_BOUND('', #6444, .T.);
#6446=FACE_SURFACE('', (#6445), #6447, .T.);
#6447=PLANE('', #9);
#6449=POLY_LOOP('', (#278, #279, #599));
#6450=FACE_OUTER_BOUND('', #6449, .T.);
#6451=FACE_SURFACE('', (#6450), #6452, .T.);
#6452=PLANE('', #9);
#6454=POLY_LOOP('', (#278, #599, #598));
#6455=FACE_OUTER_BOUND('', #6454, .T.);
#6456=FACE_SURFACE('', (#6455), #6457, .T.);
#6457=PLANE('', #9);
#6459=POLY_LOOP('', (#279, #280, #600));
#6460=FACE_OUTER_BOUND('', #6459, .T.);
#6461=FACE_SURFACE('', (#6460), #6462, .T.);
#6462=PLANE('', #9);
#6464=POLY_LOOP('', (#279, #600, #599));
#6465=FACE_OUTER_BOUND('', #6464, .T.);
#6466=FACE_SURFACE('', (#6465), #6467, .T.);
#6467=PLANE('', #9);
#6469=POLY_LOOP('', (#280, #281, #601));
#6470=FACE_OUTER_BOUND('', #6469, .T.);
#6471=FACE_SURFACE('', (#6470), #6472, .T.);
#6472=PLANE('', #9);
#6474=POLY_LOOP('', (#280, #601, #600));
#6475=FACE_OUTER_BOUND('', #6474, .T.);
#6476=FACE_SURFACE('', (#6475), #6477, .T.);
#6477=PLANE('', #9);
#6479=POLY_LOOP('', (#281, #282, #602));
#6480=FACE_OUTER_BOUND('', #6479, .T.);
#6481=FACE_SURFACE('', (#6480), #6482, .T.);
#6482=PLANE('', #9);
#6484=POLY_LOOP('', (#281, #602, #601));
#6485=FACE_OUTER_BOUND('', #6484, .T.);
#6486=FACE_SURFACE('', (#6485), #6487, .T.);
#6487=PLANE('', #9);
#6489=POLY_LOOP('', (#282, #283, #603));
#6490=FACE_OUTER_BOUND('', #6489, .T.);
#6491=FACE_SURFACE('', (#6490), #6492, .T.);
#6492=PLANE('', #9);
#6494=POLY_LOOP('', (#282, #603, #602));
#6495=FACE_OUTER_BOUND('', #6494, .T.);
#6496=FACE_SURFACE('', (#6495), #6497, .T.);
#6497=PLANE('', #9);
#6499=POLY_LOOP('', (#283, #284, #604));
#6500=FACE_OUTER_BOUND('', #6499, .T.);
#6501=FACE_SURFACE('', (#6500), #6502, .T.);
#6502=PLANE('', #9);
#6504=POLY_LOOP('', (#283, #604, #603));
#6505=FACE_OUTER_BOUND('', #6504, .T.);
#6506=FACE_SURFACE('', (#6505), #6507, .T.);
#6507=PLANE('', #9);
#6509=POLY_LOOP('', (#284, #285, #605));
#6510=FACE_OUTER_BOUND('', #6509, .T.);
#6511=FACE_SURFACE('', (#6510), #6512, .T.);
#6512=PLANE('', #9);
#6514=POLY_LOOP('', (#284, #605, #604));
#6515=FACE_OUTER_BOUND('', #6514, .T.);
#6516=FACE_SURFACE('', (#6515), #6517, .T.);
#6517=PLANE('', #9);
#6519=POLY_LOOP('', (#285, #286, #606));
#6520=FACE_OUTER_BOUND('', #6519, .T.);
#6521=FACE_SURFACE('', (#6520), #6522, .T.);
#6522=PLANE('', #9);
#6524=POLY_LOOP('', (#285, #606, #605));
#6525=FACE_OUTER_BOUND('', #6524, .T.);
#6526=FACE_SURFACE('', (#6525), #6527, .T.);
#6527=PLANE('', #9);
#6529=POLY_LOOP('', (#286, #287, #607));
#6530=FACE_OUTER_BOUND('', #6529, .T.);
#6531=FACE_SURFACE('', (#6530), #6532, .T.);
#6532=PLANE('', #9);
#6534=POLY_LOOP('', (#286, #607, #606));
#6535=FACE_OUTER_BOUND('', #6534, .T.);
#6536=FACE_SURFACE('', (#6535), #6537, .T.);
#6537=PLANE('', #9);
#6539=POLY_LOOP('', (#287, #288, #608));
#6540=FACE_OUTER_BOUND('', #6539, .T.);
#6541=FACE_SURFACE('', (#6540), #6542, .T.);
#6542=PLANE('', #9);
#6544=POLY_LOOP('', (#287, #608, #607));
#6545=FACE_OUTER_BOUND('', #6544, .T.);
#6546=FACE_SURFACE('', (#6545), #6547, .T.);
#6547=PLANE('', #9);
#6549=POLY_LOOP('', (#288, #289, #609));
#6550=FACE_OUTER_BOUND('', #6549, .T.);
#6551=FACE_SURFACE('', (#6550), #6552, .T.);
#6552=PLANE('', #9);
#6554=POLY_LOOP('', (#288, #609, #608));
#6555=FACE_OUTER_BOUND('', #6554, .T.);
#6556=FACE_SURFACE('', (#6555), #6557, .T.);
#6557=PLANE('', #9);
#6559=POLY_LOOP('', (#289, #290, #610));
#6560=FACE_OUTER_BOUND('', #6559, .T.);
#6561=FACE_SURFACE('', (#6560), #6562, .T.);
#6562=PLANE('', #9);
#6564=POLY_LOOP('', (#289, #610, #609));
#6565=FACE_OUTER_BOUND('', #6564, .T.);
#6566=FACE_SURFACE('', (#6565), #6567, .T.);
#6567=PLANE('', #9);
#6569=POLY_LOOP('', (#290, #291, #611));
#6570=FACE_OUTER_BOUND('', #6569, .T.);
#6571=FACE_SURFACE('', (#6570), #6572, .T.);
#6572=PLANE('', #9);
#6574=POLY_LOOP('', (#290, #611, #610));
#6575=FACE_OUTER_BOUND('', #6574, .T.);
#6576=FACE_SURFACE('', (#6575), #6577, .T.);
#6577=PLANE('', #9);
#6579=POLY_LOOP('', (#291, #292, #612));
#6580=FACE_OUTER_BOUND('', #6579, .T.);
#6581=FACE_SURFACE('', (#6580), #6582, .T.);
#6582=PLANE('', #9);
#6584=POLY_LOOP('', (#291, #612, #611));
#6585=FACE_OUTER_BOUND('', #6584, .T.);
#6586=FACE_SURFACE('', (#6585), #6587, .T.);
#6587=PLANE('', #9);
#6589=POLY_LOOP('', (#292, #293, #613));
#6590=FACE_OUTER_BOUND('', #6589, .T.);
#6591=FACE_SURFACE('', (#6590), #6592, .T.);
#6592=PLANE('', #9);
#6594=POLY_LOOP('', (#292, #613, #612));
#6595=FACE_OUTER_BOUND('', #6594, .T.);
#6596=FACE_SURFACE('', (#6595), #6597, .T.);
#6597=PLANE('', #9);
#6599=POLY_LOOP('', (#293, #294, #614));
#6600=FACE_OUTER_BOUND('', #6599, .T.);
#6601=FACE_SURFACE('', (#6600), #6602, .T.);
#6602=PLANE('', #9);
#6604=POLY_LOOP('', (#293, #614, #613));
#6605=FACE_OUTER_BOUND('', #6604, .T.);
#6606=FACE_SURFACE('', (#6605), #6607, .T.);
#6607=PLANE('', #9);
#6609=POLY_LOOP('', (#294, #295, #615));
#6610=FACE_OUTER_BOUND('', #6609, .T.);
#6611=FACE_SURFACE('', (#6610), #6612, .T.);
#6612=PLANE('', #9);
#6614=POLY_LOOP('', (#294, #615, #614));
#6615=FACE_OUTER_BOUND('', #6614, .T.);
#6616=FACE_SURFACE('', (#6615), #6617, .T.);
#6617=PLANE('', #9);
#6619=POLY_LOOP('', (#295, #296, #616));
#6620=FACE_OUTER_BOUND('', #6619, .T.);
#6621=FACE_SURFACE('', (#6620), #6622, .T.);
#6622=PLANE('', #9);
#6624=POLY_LOOP('', (#295, #616, #615));
#6625=FACE_OUTER_BOUND('', #6624, .T.);
#6626=FACE_SURFACE('', (#6625), #6627, .T.);
#6627=PLANE('', #9);
#6629=POLY_LOOP('', (#296, #297, #617));
#6630=FACE_OUTER_BOUND('', #6629, .T.);
#6631=FACE_SURFACE('', (#6630), #6632, .T.);
#6632=PLANE('', #9);
#6634=POLY_LOOP('', (#296, #617, #616));
#6635=FACE_OUTER_BOUND('', #6634, .T.);
#6636=FACE_SURFACE('', (#6635), #6637, .T.);
#6637=PLANE('', #9);
#6639=POLY_LOOP('', (#297, #298, #618));
#6640=FACE_OUTER_BOUND('', #6639, .T.);
#6641=FACE_SURFACE('', (#6640), #6642, .T.);
#6642=PLANE('', #9);
#6644=POLY_LOOP('', (#297, #618, #617));
#6645=FACE_OUTER_BOUND('', #6644, .T.);
#6646=FACE_SURFACE('', (#6645), #6647, .T.);
#6647=PLANE('', #9);
#6649=POLY_LOOP('', (#298, #299, #619));
#6650=FACE_OUTER_BOUND('', #6649, .T.);
#6651=FACE_SURFACE('', (#6650), #6652, .T.);
#6652=PLANE('', #9);
#6654=POLY_LOOP('', (#298, #619, #618));
#6655=FACE_OUTER_BOUND('', #6654, .T.);
#6656=FACE_SURFACE('', (#6655), #6657, .T.);
#6657=PLANE('', #9);
#6659=CLOSED_SHELL('', (#661,#666,#671,#676,#681,#686,#691,#696,#701,#706,#711,#716,#721,#726,#731,#736,#741,#746,#751,#756,#761,#766,#771,#776,#781,#786,#791,#796,#801,#806,#811,#816,#821,#826,#831,#836,#841,#846,#851,#856,#861,#866,#871,#876,#881,#886,#891,#896,#901,#906,#911,#916,#921,#926,#931,#936,#941,#946,#951,#956,#961,#966,#971,#976,#981,#986,#991,#996,#1001,#1006,#1011,#1016,#1021,#1026,#1031,#1036,#1041,#1046,#1051,#1056,#1061,#1066,#1071,#1076,#1081,#1086,#1091,#1096,#1101,#1106,#1111,#1116,#1121,#1126,#1131,#1136,#1141,#1146,#1151,#1156,#1161,#1166,#1171,#1176,#1181,#1186,#1191,#1196,#1201,#1206,#1211,#1216,#1221,#1226,#1231,#1236,#1241,#1246,#1251,#1256,#1261,#1266,#1271,#1276,#1281,#1286,#1291,#1296,#1301,#1306,#1311,#1316,#1321,#1326,#1331,#1336,#1341,#1346,#1351,#1356,#1361,#1366,#1371,#1376,#1381,#1386,#1391,#1396,#1401,#1406,#1411,#1416,#1421,#1426,#1431,#1436,#1441,#1446,#1451,#1456,#1461,#1466,#1471,#1476,#1481,#1486,#1491,#1496,#1501,#1506,#1511,#1516,#1521,#1526,#1531,#1536,#1541,#1546,#1551,#1556,#1561,#1566,#1571,#1576,#1581,#1586,#1591,#1596,#1601,#1606,#1611,#1616,#1621,#1626,#1631,#1636,#1641,#1646,#1651,#1656,#1661,#1666,#1671,#1676,#1681,#1686,#1691,#1696,#1701,#1706,#1711,#1716,#1721,#1726,#1731,#1736,#1741,#1746,#1751,#1756,#1761,#1766,#1771,#1776,#1781,#1786,#1791,#1796,#1801,#1806,#1811,#1816,#1821,#1826,#1831,#1836,#1841,#1846,#1851,#1856,#1861,#1866,#1871,#1876,#1881,#1886,#1891,#1896,#1901,#1906,#1911,#1916,#1921,#1926,#1931,#1936,#1941,#1946,#1951,#1956,#1961,#1966,#1971,#1976,#1981,#1986,#1991,#1996,#2001,#2006,#2011,#2016,#2021,#2026,#2031,#2036,#2041,#2046,#2051,#2056,#2061,#2066,#2071,#2076,#2081,#2086,#2091,#2096,#2101,#2106,#2111,#2116,#2121,#2126,#2131,#2136,#2141,#2146,#2151,#2156,#2161,#2166,#2171,#2176,#2181,#2186,#2191,#2196,#2201,#2206,#2211,#2216,#2221,#2226,#2231,#2236,#2241,#2246,#2251,#2256,#2261,#2266,#2271,#2276,#2281,#2286,#2291,#2296,#2301,#2306,#2311,#2316,#2321,#2326,#2331,#2336,#2341,#2346,#2351,#2356,#2361,#2366,#2371,#2376,#2381,#2386,#2391,#2396,#2401,#2406,#2411,#2416,#2421,#2426,#2431,#2436,#2441,#2446,#2451,#2456,#2461,#2466,#2471,#2476,#2481,#2486,#2491,#2496,#2501,#2506,#2511,#2516,#2521,#2526,#2531,#2536,#2541,#2546,#2551,#2556,#2561,#2566,#2571,#2576,#2581,#2586,#2591,#2596,#2601,#2606,#2611,#2616,#2621,#2626,#2631,#2636,#2641,#2646,#2651,#2656,#2661,#2666,#2671,#2676,#2681,#2686,#2691,#2696,#2701,#2706,#2711,#2716,#2721,#2726,#2731,#2736,#2741,#2746,#2751,#2756,#2761,#2766,#2771,#2776,#2781,#2786,#2791,#2796,#2801,#2806,#2811,#2816,#2821,#2826,#2831,#2836,#2841,#2846,#2851,#2856,#2861,#2866,#2871,#2876,#2881,#2886,#2891,#2896,#2901,#2906,#2911,#2916,#2921,#2926,#2931,#2936,#2941,#2946,#2951,#2956,#2961,#2966,#2971,#2976,#2981,#2986,#2991,#2996,#3001,#3006,#3011,#3016,#3021,#3026,#3031,#3036,#3041,#3046,#3051,#3056,#3061,#3066,#3071,#3076,#3081,#3086,#3091,#3096,#3101,#3106,#3111,#3116,#3121,#3126,#3131,#3136,#3141,#3146,#3151,#3156,#3161,#3166,#3171,#3176,#3181,#3186,#3191,#3196,#3201,#3206,#3211,#3216,#3221,#3226,#3231,#3236,#3241,#3246,#3251,#3256,#3261,#3266,#3271,#3276,#3281,#3286,#3291,#3296,#3301,#3306,#3311,#3316,#3321,#3326,#3331,#3336,#3341,#3346,#3351,#3356,#3361,#3366,#3371,#3376,#3381,#3386,#3391,#3396,#3401,#3406,#3411,#3416,#3421,#3426,#3431,#3436,#3441,#3446,#3451,#3456,#3461,#3466,#3471,#3476,#3481,#3486,#3491,#3496,#3501,#3506,#3511,#3516,#3521,#3526,#3531,#3536,#3541,#3546,#3551,#3556,#3561,#3566,#3571,#3576,#3581,#3586,#3591,#3596,#3601,#3606,#3611,#3616,#3621,#3626,#3631,#3636,#3641,#3646,#3651,#3656,#3661,#3666,#3671,#3676,#3681,#3686,#3691,#3696,#3701,#3706,#3711,#3716,#3721,#3726,#3731,#3736,#3741,#3746,#3751,#3756,#3761,#3766,#3771,#3776,#3781,#3786,#3791,#3796,#3801,#3806,#3811,#3816,#3821,#3826,#3831,#3836,#3841,#3846,#3851,#3856,#3861,#3866,#3871,#3876,#3881,#3886,#3891,#3896,#3901,#3906,#3911,#3916,#3921,#3926,#3931,#3936,#3941,#3946,#3951,#3956,#3961,#3966,#3971,#3976,#3981,#3986,#3991,#3996,#4001,#4006,#4011,#4016,#4021,#4026,#4031,#4036,#4041,#4046,#4051,#4056,#4061,#4066,#4071,#4076,#4081,#4086,#4091,#4096,#4101,#4106,#4111,#4116,#4121,#4126,#4131,#4136,#4141,#4146,#4151,#4156,#4161,#4166,#4171,#4176,#4181,#4186,#4191,#4196,#4201,#4206,#4211,#4216,#4221,#4226,#4231,#4236,#4241,#4246,#4251,#4256,#4261,#4266,#4271,#4276,#4281,#4286,#4291,#4296,#4301,#4306,#4311,#4316,#4321,#4326,#4331,#4336,#4341,#4346,#4351,#4356,#4361,#4366,#4371,#4376,#4381,#4386,#4391,#4396,#4401,#4406,#4411,#4416,#4421,#4426,#4431,#4436,#4441,#4446,#4451,#4456,#4461,#4466,#4471,#4476,#4481,#4486,#4491,#4496,#4501,#4506,#4511,#4516,#4521,#4526,#4531,#4536,#4541,#4546,#4551,#4556,#4561,#4566,#4571,#4576,#4581,#4586,#4591,#4596,#4601,#4606,#4611,#4616,#4621,#4626,#4631,#4636,#4641,#4646,#4651,#4656,#4661,#4666,#4671,#4676,#4681,#4686,#4691,#4696,#4701,#4706,#4711,#4716,#4721,#4726,#4731,#4736,#4741,#4746,#4751,#4756,#4761,#4766,#4771,#4776,#4781,#4786,#4791,#4796,#4801,#4806,#4811,#4816,#4821,#4826,#4831,#4836,#4841,#4846,#4851,#4856,#4861,#4866,#4871,#4876,#4881,#4886,#4891,#4896,#4901,#4906,#4911,#4916,#4921,#4926,#4931,#4936,#4941,#4946,#4951,#4956,#4961,#4966,#4971,#4976,#4981,#4986,#4991,#4996,#5001,#5006,#5011,#5016,#5021,#5026,#5031,#5036,#5041,#5046,#5051,#5056,#5061,#5066,#5071,#5076,#5081,#5086,#5091,#5096,#5101,#5106,#5111,#5116,#5121,#5126,#5131,#5136,#5141,#5146,#5151,#5156,#5161,#5166,#5171,#5176,#5181,#5186,#5191,#5196,#5201,#5206,#5211,#5216,#5221,#5226,#5231,#5236,#5241,#5246,#5251,#5256,#5261,#5266,#5271,#5276,#5281,#5286,#5291,#5296,#5301,#5306,#5311,#5316,#5321,#5326,#5331,#5336,#5341,#5346,#5351,#5356,#5361,#5366,#5371,#5376,#5381,#5386,#5391,#5396,#5401,#5406,#5411,#5416,#5421,#5426,#5431,#5436,#5441,#5446,#5451,#5456,#5461,#5466,#5471,#5476,#5481,#5486,#5491,#5496,#5501,#5506,#5511,#5516,#5521,#5526,#5531,#5536,#5541,#5546,#5551,#5556,#5561,#5566,#5571,#5576,#5581,#5586,#5591,#5596,#5601,#5606,#5611,#5616,#5621,#5626,#5631,#5636,#5641,#5646,#5651,#5656,#5661,#5666,#5671,#5676,#5681,#5686,#5691,#5696,#5701,#5706,#5711,#5716,#5721,#5726,#5731,#5736,#5741,#5746,#5751,#5756,#5761,#5766,#5771,#5776,#5781,#5786,#5791,#5796,#5801,#5806,#5811,#5816,#5821,#5826,#5831,#5836,#5841,#5846,#5851,#5856,#5861,#5866,#5871,#5876,#5881,#5886,#5891,#5896,#5901,#5906,#5911,#5916,#5921,#5926,#5931,#5936,#5941,#5946,#5951,#5956,#5961,#5966,#5971,#5976,#5981,#5986,#5991,#5996,#6001,#6006,#6011,#6016,#6021,#6026,#6031,#6036,#6041,#6046,#6051,#6056,#6061,#6066,#6071,#6076,#6081,#6086,#6091,#6096,#6101,#6106,#6111,#6116,#6121,#6126,#6131,#6136,#6141,#6146,#6151,#6156,#6161,#6166,#6171,#6176,#6181,#6186,#6191,#6196,#6201,#6206,#6211,#6216,#6221,#6226,#6231,#6236,#6241,#6246,#6251,#6256,#6261,#6266,#6271,#6276,#6281,#6286,#6291,#6296,#6301,#6306,#6311,#6316,#6321,#6326,#6331,#6336,#6341,#6346,#6351,#6356,#6361,#6366,#6371,#6376,#6381,#6386,#6391,#6396,#6401,#6406,#6411,#6416,#6421,#6426,#6431,#6436,#6441,#6446,#6451,#6456,#6461,#6466,#6471,#6476,#6481,#6486,#6491,#6496,#6501,#6506,#6511,#6516,#6521,#6526,#6531,#6536,#6541,#6546,#6551,#6556,#6561,#6566,#6571,#6576,#6581,#6586,#6591,#6596,#6601,#6606,#6611,#6616,#6621,#6626,#6631,#6636,#6641,#6646,#6651,#6656));
#6660=FACETTED_BREP('CATHETER_V3_SOLID', #6659);
ENDSEC;
END-ISO-10303-21;